scenario,time,time_to_terminal,log_capital,log_capability,log_population,log_consumption,log_shadow_value,log_output,log_service_composite,log_wage,log_ai_price,log_ai_marginal_cost,log_ai_services,log_inference_compute,log_human_research,log_production_labor,log_automated_research,log_effective_research,log_output_per_capita,log_consumption_per_capita,log_capital_per_capita,capital_growth,capability_growth,consumption_growth,consumption_per_capita_growth,shadow_growth,output_growth,output_per_capita_growth,wage_growth,output_capital_ratio,capability_growth_to_output_capital,gross_capital_return,net_capital_return,human_research_share,production_labor_population_share,ai_share,inverse_demand_elasticity,monopoly_soc_margin,automated_research_share,inference_share,research_resource_share,investment_share,consumption_share,resource_share_sum,production_labor_share,aggregate_labor_share,ai_markup,ai_profit_share,shadow_capability_to_output,shadow_capability_to_capital,human_to_automated_research_ratio,singularity_time_estimate,monopoly_foc_log_error,research_compute_foc_log_error,research_human_foc_log_error,labor_market_error,euler_residual,capital_law_residual,capability_law_residual,consumption_euler_path_residual,shadow_costate_residual
equilibrium_sigma_6.2,0.0,76.24889646572963,0.9200248718261719,-1.3916891261901592e-25,0.0,-0.4457905419082422,1.387614850883245,0.10277202619891018,-0.29975549478168145,-0.26400220600037594,0.17589444493976103,1.3916891261901592e-25,-11.356106393322131,-11.356106393322131,-3.406414997295228,-0.03372211854996012,-5.17249782610843,-3.8659127455582745,0.10277202619891018,-0.4457905419082422,0.9200248718261719,0.13420636888559168,0.017275079349927856,0.08574227306491697,0.05574227306491697,0.08451055088676547,0.06258235265454992,0.03258235265454992,0.03527848767698183,0.4416432517118697,0.03911546091323095,0.145742273064917,0.09574227306491699,0.033159865749352826,0.9668401342506472,1.8783975699801724e-05,0.16129349161912612,0.1352805590337531,0.18211541131526535,1.0555342590703561e-05,0.0051165758021747875,0.4170931360811754,0.577779732774059,1.0,0.6699874147362811,0.6929660768122303,1.192312197422319,2.029921128163593e-06,3.6140998652864313,1.59614281651653,5.847901206861245,17.876122998137852,3.6082248286400696e-16,-2.220446049250313e-16,-1.3322676295501878e-15,0.0,0.0,0.0,0.0,0.0,0.0
equilibrium_sigma_6.2,1.0,75.24889646572963,1.0453280289321305,0.017689984119915354,0.03,-0.3648638912343909,1.4670397346744215,0.16242359843352788,-0.2724397777822018,-0.23166527753845872,0.15820558339570745,-0.017689984119915354,-11.018637432291664,-11.036327416411579,-3.3009791816239495,-0.006413055556511844,-5.002388153513321,-3.7485420021269302,0.13242359843352788,-0.3948638912343909,1.0153280289321305,0.11711460418754736,0.01809960840733953,0.07648138394404502,0.046481383944045024,0.07471298947830622,0.05695505232453102,0.02695505232453102,0.02963198698580083,0.41357995134559095,0.04376326354421214,0.13648138394404502,0.08648138394404502,0.03575807427046435,0.9642419257295356,2.436463455055722e-05,0.16129443313028063,0.13528198644522238,0.1869815742898024,1.3691285603640116e-05,0.005714138413193803,0.40406843620885524,0.5902037340923473,1.0,0.6699836756948511,0.694829438356923,1.1923135358839627,2.633019545233218e-06,3.752064119289422,1.5517784959012568,5.481665465723864,20.089100095913302,-1.4641066137244252e-15,-4.440892098500626e-16,-3.7192471324942744e-15,0.0,0.0,6.428835708227609e-08,-2.958193134894316e-10,3.251730867903646e-08,3.271019018147303e-08
equilibrium_sigma_6.2,2.0,74.24889646572963,1.1554615289188013,0.03618963901347662,0.06,-0.2921990023292804,1.5376757949735973,0.2170777751104172,-0.245111237959384,-0.20433837991841464,0.13970724723423267,-0.03618963901347662,-10.707200259772456,-10.743389898785933,-3.201311423023548,0.02090766751727692,-4.848066599672841,-3.6385408209319254,0.1570777751104172,-0.3521990023292804,1.0954615289188012,0.10366317578706154,0.018895351801867074,0.06911569987597635,0.03911569987597635,0.0668292473284129,0.05252059805727072,0.02252059805727072,0.02519099096251476,0.3912596965938677,0.04829363199522356,0.12911569987597635,0.07911569987597634,0.03833808758489503,0.961661912415105,3.0920436383023564e-05,0.161295539157493,0.13528366326358904,0.19117137271488935,1.7375182310178017e-05,0.006312999399086958,0.3927395975736437,0.6009300278449591,0.9999999999999999,0.6699792833076234,0.696689007496456,1.1923151082271164,3.3415100664477687e-06,3.8836974809923848,1.5195342980754487,5.1901114796543215,22.178079054980987,-9.853229343548264e-16,2.220446049250313e-16,-7.993605777301127e-15,0.0,0.0,3.332497488517383e-07,-1.7831765439235703e-09,1.701910029294762e-07,1.7135611252161453e-07
equilibrium_sigma_6.2,3.0,73.24889646572963,1.2535318290876436,0.05547273596673861,0.09,-0.22617130293725796,1.6011645502589766,0.26775206706035753,-0.2177812485650222,-0.18099260181204693,0.1204256936642416,-0.05547273596673861,-10.415589962399563,-10.471062698366302,-3.1063542379998954,0.04822850849674557,-4.70641785843647,-3.534572867195639,0.17775206706035754,-0.3161713029372579,1.1635318290876435,0.09285473585242716,0.01966720348390402,0.06313888841410184,0.03313888841410184,0.06034979852143454,0.048951458727075625,0.018951458727075626,0.021625595715696333,0.37314814670939944,0.05270615346033182,0.12313888841410182,0.07313888841410182,0.04091108449923908,0.9590889155007609,3.859303380325985e-05,0.1612968335989287,0.1352856257131816,0.194807259874391,2.1686626766717843e-05,0.006914255905606104,0.38283651443049954,0.6102275430371276,0.9999999999999999,0.6699741426673518,0.698552690829029,1.1923169484277283,4.170705881466254e-06,4.010376868874374,1.496464696226717,4.953347548504386,24.15746562999095,-1.4641066137244252e-15,-4.440892098500626e-16,-1.7291723608536813e-14,0.0,0.0,-2.1920086841487052e-07,1.3530649864423872e-09,-1.1290575056832619e-07,-1.1379173198156067e-07
equilibrium_sigma_6.2,4.0,72.24889646572963,1.3418278423669494,0.07551735195231213,0.12,-0.1655731200787038,1.6587278071827292,0.3151955421750705,-0.19045917284481018,-0.16086947853380873,0.10038288079901037,-0.07551735195231213,-10.139249770669014,-10.214767122621327,-3.015310725119609,0.07553989613778639,-4.57512809899974,-3.4356253152754315,0.1951955421750705,-0.28557312007870383,1.2218278423669493,0.08402344229780896,0.020418946777640834,0.05820972226668324,0.028209722266683245,0.05493094124530571,0.04602904371986405,0.01602904371986405,0.018715520020418097,0.35821127959600985,0.05700252320549284,0.11820972226668325,0.06820972226668325,0.04348623946282646,0.9565137605371735,4.7556843104971874e-05,0.16129834588030448,0.1352879183956308,0.19798311764126322,2.672362199449e-05,0.0075189886268551935,0.37414634862687857,0.6183079391242717,1.0,0.6699681369151196,0.7004270764895936,1.1923190983206107,5.139462885841154e-06,4.1331904589400175,1.4805554431109231,4.75795223943269,26.039699860380612,5.551115123125783e-17,-2.220446049250313e-16,-3.3306690738754696e-14,0.0,0.0,7.0893284437323345e-09,-4.914930268329343e-11,3.683091789885573e-09,3.715418056549069e-09
equilibrium_sigma_6.2,5.0,71.24889646572963,1.4220825503780397,0.09630492829125041,0.15,-0.10948287069624674,1.7112990786660087,0.35997479329892346,-0.1631529079489995,-0.14339447914019646,0.07959741014245303,-0.09630492829125041,-9.87474107308868,-9.97104600137993,-2.927565655619351,0.10283367940706309,-4.452433030712312,-3.340912076077926,0.20997479329892346,-0.25948287069624676,1.2720825503780397,0.07670794386024672,0.0211535669067526,0.054089690448366555,0.024089690448366556,0.05033220545620413,0.04360195282687718,0.013601952826877178,0.01630810945479899,0.3457263346920198,0.061185870973921135,0.11408969044836655,0.06408969044836654,0.046071273595801064,0.9539287264041989,5.8024751430469726e-05,0.16130011191774132,0.13529059574841643,0.2007725503775686,3.260578619559304e-05,0.00812826468559706,0.36649780808025745,0.62534132144795,1.0,0.6699611234165416,0.7023177988799401,1.1923216089685718,6.270797262821672e-06,4.253019552731173,1.470380861339242,4.594534179229023,27.83560231514285,-2.636779683484747e-16,2.220446049250313e-16,-6.059042156891792e-14,0.0,0.0,9.659546784668294e-08,-7.406642070495462e-10,5.0593179437563585e-08,5.108359529132356e-08
equilibrium_sigma_6.2,6.0,70.24889646572963,1.4956381196013835,0.1178195810768103,0.18,-0.05718181136189877,1.759607278897882,0.40252818645067007,-0.1358692433101291,-0.12812239844912943,0.05808521760921437,-0.1178195810768103,-9.619409497963899,-9.73722907904071,-2.842634482164857,0.13010276054115066,-4.336957695875778,-3.2498109335935226,0.22252818645067007,-0.23718181136189875,1.3156381196013835,0.07057852255920131,0.021873457708181273,0.05060692734064164,0.020606927340641644,0.04638014710058008,0.04156203300326178,0.011562033003261779,0.014294244595897121,0.33517250709285346,0.0652602980414549,0.11060692734064165,0.060606927340641645,0.04867282162633145,0.9513271783736685,7.025529350476789e-05,0.16130217532854935,0.13529372387878966,0.20323435541594856,3.9478384428849096e-05,0.008743140033004393,0.35975063588911016,0.6314667456934565,0.9999999999999999,0.6699529289533517,0.704229779389529,1.1923245423841864,7.592662219345384e-06,4.370592893716589,1.4649025776691982,4.456319556056661,29.554644017123422,1.3877787807814457e-17,0.0,-1.0758061108617767e-13,0.0,0.0,-8.966551952316326e-08,7.613339923773221e-10,-4.729370835232505e-08,-4.780085986755278e-08
equilibrium_sigma_6.2,7.0,69.24889646572963,1.5635536853964644,0.14004758498518627,0.21,-0.008099275691020565,1.8042318173635024,0.4432012733370224,-0.10861409379673266,-0.11470170966138032,0.03586009150274094,-0.14004758498518627,-9.371167354878045,-9.511214939863232,-2.7601293266363642,0.15734085128282843,-4.227611162771943,-3.161821444510586,0.23320127333702242,-0.21809927569102056,1.3535536853964645,0.06539333347384355,0.022580560780972578,0.047634393882615915,0.017634393882615916,0.04294643825178967,0.03983000022494965,0.009830000224949648,0.012593869623545029,0.32616482994732093,0.06923051999389258,0.10763439388261592,0.05763439388261592,0.0512966758763747,0.9487033241236253,8.456154292011261e-05,0.16130458893127328,0.13529738283551304,0.20541622680097182,4.751732325999312e-05,0.009364658249076525,0.3537884004614501,0.6367994239662133,0.9999999999999999,0.6699433437662434,0.7061673831333001,1.1923279736629602,9.138910496482327e-06,4.486523514955282,1.463346179310046,4.338296832299698,31.20515139591857,-1.7208456881689926e-15,2.220446049250313e-16,-1.8512968935624485e-13,0.0,0.0,4.581709843465287e-08,-4.180810038445504e-10,2.434264399081565e-08,2.462475914150053e-08
equilibrium_sigma_6.2,8.0,68.24889646572963,1.6266785920102909,0.162976972624129,0.24,0.038224813645533214,1.8456403425046353,0.48227085278142084,-0.08139266057011217,-0.10285033994668857,0.012934075391225264,-0.162976972624129,-9.128346115209805,-9.291323087833934,-2.67973539553992,0.1845422988285833,-4.12351449224636,-3.0765356076374957,0.24227085278142085,-0.20177518635446678,1.3866785920102909,0.06097098009229704,0.023276464310402853,0.04507610690165569,0.015076106901655693,0.03993403143822045,0.03834643133193705,0.008346431331937049,0.011146921947008392,0.3184124451565324,0.07310161604694843,0.1050761069016557,0.055076106901655694,0.05394796028282837,0.9460520397171717,0.00010132216896302057,0.16130741661108636,0.13530166943345218,0.20735736634039853,5.6935361600249685e-05,0.009993850301318398,0.34851332534362284,0.6414358889934585,1.0,0.6699321141467948,0.7081345275119065,1.192331993636202,1.095049160497409e-05,4.601334924381249,1.4651223042563817,4.236676411744945,32.794473988030845,2.7755575615628914e-17,0.0,-3.078648447285559e-13,0.0,0.0,-8.907537513147545e-09,8.785872723793275e-11,-4.761942104525296e-09,-4.821916491093425e-09
equilibrium_sigma_6.2,9.0,67.24889646572963,1.6857033493259381,0.1865972182736436,0.27,0.08216620965756476,1.8842152064240145,0.5199617146264373,-0.05420953828525726,-0.09233881670699626,-0.010682212880952946,-0.1865972182736436,-8.88959402036444,-9.076191238638083,-2.601194256837235,0.21170196230034785,-4.023950307064669,-2.9936169876231324,0.24996171462643724,-0.18783379034243525,1.415703349325938,0.05717275989838913,0.02396247410338716,0.042858166990882955,0.012858166990882956,0.037268140398796105,0.03706593427577065,0.007065934275770652,0.009907459451174994,0.31169141512388776,0.07687883894351986,0.10285816699088296,0.05285816699088296,0.056631253916428696,0.9433687460835714,0.00012099511546082473,0.16131073562754386,0.13530670074731269,0.20909035827154177,6.798979393359491e-05,0.010631733521616615,0.3438425144169956,0.6454577622674542,1.0,0.6699189332726412,0.7101347548917996,1.1923367121531476,1.3076933425157651e-05,4.715479983072328,1.46977462891218,4.1485382788226515,34.32911946182724,-3.608224830031759e-15,2.220446049250313e-16,-4.967415367929107e-13,0.0,0.0,-2.25257683131308e-08,2.3159566625574612e-10,-1.2121326019298717e-08,-1.228341849068837e-08
equilibrium_sigma_6.2,10.0,66.24889646572963,1.7411959604056877,0.21089898352873293,0.3,0.12403518912881956,1.9202724716242312,0.5564585819307917,-0.02706878358669445,-0.08297825362831965,-0.03497932343440091,-0.21089898352873293,-8.653803282078611,-8.864702265607344,-2.5242917052380416,0.23881512406702335,-3.9283266293086943,-2.912785512862381,0.2564585819307917,-0.17596481087118043,1.4411959604056876,0.05389082721158314,0.024639665755610073,0.04092274023851463,0.010922740238514632,0.03489018673831775,0.03595326321881309,0.005953263218813093,0.008839744389532722,0.30582648557125647,0.08056746854212246,0.10092274023851464,0.05092274023851463,0.05935067972094996,0.94064932027905,0.0001441345065864186,0.16131463946675634,0.13531261842857736,0.21064254477216982,8.099194541654727e-05,0.01127930992957738,0.3397051338360194,0.6489345642889865,0.9999999999999999,0.669903429880587,0.7121712793901299,1.1923422621377155,1.557817399635318e-05,4.829354781943382,1.4769446005384863,4.071595445814548,35.814863857039825,-6.827871601444713e-15,-4.440892098500626e-16,-7.834011217511261e-13,0.0,0.0,3.26356638033487e-08,-3.427069288075568e-10,1.7671007643271786e-08,1.7920065341348046e-08
equilibrium_sigma_6.2,11.0,65.24889646572963,1.7936285400293364,0.23587390733984145,0.32999999999999996,0.16409045361205285,1.9540759405433008,0.5919148663713223,2.6042032300428258e-05,-0.07461154838704509,-0.05994876018214157,-0.23587390733984145,-8.420056903930082,-8.655930811269924,-2.4488487182556224,0.2658774218836373,-3.8361502318445737,-2.833806099577791,0.26191486637132233,-0.1659095463879471,1.4636285400293363,0.051040077422976796,0.025308924640105732,0.03922390675820752,0.009223906758207522,0.03275362103519059,0.03498065716756038,0.004980657167560382,0.007915557747872892,0.3006785053279016,0.08417271002629659,0.09922390675820753,0.04922390675820752,0.06210997230859205,0.937890027691408,0.00017141158495998673,0.16131924137384968,0.1353195940506378,0.21203706373887438,9.631893073474074e-05,0.011937565357506662,0.3360402410966779,0.6519258746150808,1.0,0.6698851542380767,0.7142470166646102,1.1923488046132136,1.8526831188450362e-05,4.943309180414412,1.4863468157406994,4.00403063926968,37.256845597557025,-6.6058269965196814e-15,0.0,-1.2068124277675452e-12,0.0,0.0,-2.5454522795120837e-08,2.774205448696776e-10,-1.3852868303854127e-08,-1.4061408412646692e-08
equilibrium_sigma_6.2,12.0,64.24889646572963,1.843397021920633,0.2615144318834651,0.36,0.20254948395383385,1.9858476137134942,0.6264591595168266,0.027071854153757745,-0.06710686831164331,-0.0855828014894513,-0.2615144318834651,-8.187589453354212,-8.449103885237678,-2.374714653080044,0.2928847998866951,-3.747006806519427,-2.756480070358277,0.26645915951682664,-0.15745051604616614,1.483397021920633,0.048552475261777084,0.025970976230339563,0.037724743997746134,0.007724743997746135,0.030820984693787173,0.03412598224616925,0.004125982246169252,0.007112321781521658,0.29613558787195804,0.08769961225183376,0.09772474399774615,0.04772474399774615,0.06491252705109926,0.9350874729489007,0.00020364060708570673,0.16132467872177608,0.135327835717268,0.21329363541977073,0.0001144281955538424,0.012607467699338166,0.33279510905791176,0.6544829950471963,1.0,0.6698635607932525,0.7163645970796342,1.192356534917341,2.2011011193581086e-05,5.057654741740247,1.4977515601986437,3.9443814691077526,38.659643123718354,-9.2148511043888e-15,0.0,-1.8245960298202135e-12,0.0,0.0,2.740212431961986e-09,-2.9212569863101834e-11,1.499483787137379e-09,1.5231442218599511e-09
equilibrium_sigma_6.2,13.0,63.24889646572963,1.8908360884902107,0.2878136551530693,0.39,0.23959643207144513,2.0157756658622303,0.6602001603071398,0.054066046425925676,-0.06035271771115175,-0.11187434630741411,-0.2878136551530693,-7.955757470398187,-8.243571125551256,-2.3017620136156727,0.31983347124831657,-3.6605458658504233,-2.680638531568739,0.2702001603071398,-0.1504035679285549,1.5008360884902108,0.04637300063140676,0.026626409989345425,0.03639523069529856,0.0063952306952985635,0.02906179623786786,0.03337140638937086,0.0033714063893708623,0.006411757267898999,0.29210675968272287,0.09115300864062917,0.09639523069529855,0.04639523069529855,0.06776143754518452,0.9322385624548155,0.0002418109318722838,0.16133111842495781,0.13533759624836228,0.21442917285105303,0.00013587553353658713,0.013289965181566903,0.32992389746846007,0.6566502618164365,1.0,0.6698379866756455,0.7185263661608203,1.1923656904044837,2.613779081784301e-05,5.172670850861766,1.5109721211505032,3.891457835115519,40.027341296292136,-1.8707257964933888e-14,4.440892098500626e-16,3.885780586188048e-16,0.0,0.0,1.303470738289736e-08,-1.3116053035333586e-10,7.168997888384876e-09,7.288123007875846e-09
equilibrium_sigma_6.2,14.0,62.24889646572963,1.9362306586705398,0.31476520461566226,0.42,0.27538822994631096,2.0440206232322513,0.6932304785433298,0.08100650922694276,-0.054254145373976104,-0.13881677981695617,-0.31476520461566226,-7.724016816139927,-8.038782020755589,-2.229882363825837,0.34671988925691644,-3.576469071386237,-2.606137185796476,0.27323047854332977,-0.14461177005368903,1.5162306586705399,0.044456697867890166,0.027275698563704074,0.03521071370023548,0.0052107137002354795,0.02745100304433081,0.03270243783159987,0.0027024378315998743,0.005798905415299593,0.2885173142431378,0.09453747562864959,0.09521071370023548,0.04521071370023548,0.07065952468769843,0.9293404753123016,0.00028712683446239384,0.16133876365626573,0.13534918333165222,0.21545826215459532,0.0001613374378050592,0.013985984612204204,0.32738658376769064,0.6584660941823001,1.0,0.6698076250209101,0.7207343732616657,1.1923765600036802,3.1037541284744655e-05,5.288609459959957,1.525855397468498,3.844281454346267,41.36358859297371,-2.475797344914099e-14,0.0,-1.1102230246251565e-16,0.0,0.0,-1.401571587955619e-08,1.3751839944564637e-10,-7.738257944145399e-09,-7.87674058616572e-09
equilibrium_sigma_6.2,15.0,61.24889646572963,1.9798247847524124,0.3423631285590076,0.44999999999999996,0.31005934823815556,2.0707201760386873,0.7256295965520513,0.10789166803545541,-0.04872981174207269,-0.16640385482774622,-0.3423631285590076,-7.491905245223238,-7.834268373782246,-2.1589831180062324,0.37354072658892223,-3.4945211583028253,-2.5328522492383816,0.2756295965520513,-0.1399406517618444,1.5298247847524125,0.042766500588071896,0.027919213042227244,0.034150773083605805,0.004150773083605806,0.02596783334317241,0.032107219873345194,0.0021072198733451952,0.005261405932044383,0.28530537298062364,0.09785729848180379,0.09415077308360581,0.04415077308360581,0.07360935774858028,0.9263906422514198,0.00034105693493265366,0.1613478621861193,0.1353629721189596,0.21639354120102475,0.00019163884549034676,0.014696428779902406,0.32514810225593643,0.6599638301186708,0.9999999999999999,0.6697714918535951,0.7229903469510879,1.1923894960867314,3.686930091453117e-05,5.405698678992508,1.5422748778308222,3.80204104748939,42.67164531961028,-4.679590048795035e-14,0.0,2.220446049250313e-16,-1.1102230246251565e-16,0.0,8.991946340297652e-09,-7.59694390728427e-11,4.984277934827475e-09,5.081034794296446e-09
equilibrium_sigma_6.2,16.0,60.24889646572963,2.0218287012682783,0.37060180098335593,0.48,0.34372558983888535,2.0959930135969826,0.7574662334565373,0.134720540355232,-0.04370966970068002,-0.19462958429282917,-0.37060180098335593,-7.25902870979473,-7.629630510778086,-2.0889849614822604,0.4002928586772621,-3.4144827176960666,-2.460677162623533,0.2774662334565373,-0.13627441016111463,1.5418287012682783,0.04127159693732939,0.02855723573961257,0.03319836574834308,0.0031983657483430836,0.02459492760739143,0.03157600526770832,0.0015760052677083192,0.004788953345269409,0.2824192901464942,0.10111644896777269,0.09319836574834309,0.043198365748343084,0.07661327139124488,0.9233867286087551,0.00040539568778289234,0.1613587167563582,0.13537942088549434,0.21724600541789219,0.00022778764508188593,0.015422173751688955,0.3231776302885888,0.6611724083146402,0.9999999999999999,0.6697283848891854,0.7252956579723094,1.1924049292352827,4.3827465732651906e-05,5.52414553488309,1.5601252606276077,3.7640584722770605,43.954425792954076,-7.849276784099857e-14,0.0,8.881784197001252e-16,0.0,0.0,-3.26030061975624e-09,2.480856839404133e-11,-1.8120238365337826e-09,-1.851109116685068e-09
equilibrium_sigma_6.2,17.0,59.24889646572963,2.0624244321764698,0.39947583827318967,0.51,0.3764871268543409,2.119941890893511,0.7888002486704282,0.1614928150032734,-0.03913312559095966,-0.22348814256685934,-0.39947583827318967,-7.0250505823394445,-7.424526420612634,-2.0198197694896134,0.4269733513533047,-3.33616443748398,-2.3895199340459987,0.2788002486704282,-0.13351287314565913,1.5524244321764697,0.0399461892941633,0.029189970807121077,0.03233917391857185,0.0023391739185718505,0.023317675351669096,0.031100762711844254,0.0011007627118442553,0.004372883190273402,0.2798156785411268,0.1043185677061008,0.09233917391857185,0.04233917391857185,0.0796733785656422,0.9203266214343578,0.0004823399476259549,0.1613716979976156,0.13539909051282897,0.21802525457734934,0.0002710176339479046,0.016164065393396588,0.3214479966351963,0.6621169203374593,1.0,0.6696768322350906,0.7276512671027361,1.1924233866328775,5.215013096148514e-05,5.6441379777647285,1.579318298027981,3.7297629076186825,45.214534403720215,-1.3722356584366935e-13,-4.440892098500626e-16,-2.7755575615628914e-16,0.0,0.0,-4.059208656703728e-09,2.1359917307117726e-11,-2.260792435204717e-09,-2.317269025969848e-09
equilibrium_sigma_6.2,18.0,58.24889646572963,2.1017702971400465,0.4289800257065662,0.54,0.4084309584150625,2.142656104147582,0.8196841994756093,0.18820895734237902,-0.03494756842374119,-0.2529737726972563,-0.4289800257065662,-6.789683120702204,-7.21866314640877,-1.9514289099543847,0.4535794517453242,-3.2594024636143133,-2.3193009710273453,0.2796841994756093,-0.13156904158493754,1.5617702971400464,0.03876854221207565,0.029817553166227893,0.03156110437698568,0.0015611043769856794,0.022123702681291456,0.03067488123176254,0.0006748812317625419,0.004005852769772833,0.27745789205147176,0.10746694911347622,0.09156110437698568,0.04156110437698568,0.0827915803004222,0.9172084196995778,0.0005745844200133251,0.16138726053279578,0.13542266875377187,0.21873969338861565,0.000322842055730188,0.016922914919260484,0.31993518568074475,0.6628190573442647,1.0000000000000002,0.669615028438591,0.7300576554431506,1.192445515000264,6.212950567873978e-05,5.765846229532434,1.5997795407389954,3.6986709545907774,46.45429636376804,-2.4741320103771614e-13,-4.440892098500626e-16,3.885780586188048e-16,0.0,0.0,7.396483044097568e-09,-1.6403375185936042e-11,4.120980917621253e-09,4.246830873078089e-09
equilibrium_sigma_6.2,19.0,57.24889646572963,2.140004600569734,0.4591092521754252,0.57,0.4396329393954822,2.164213525613825,0.8501646487655482,0.2148703441455759,-0.03110717395915119,-0.28308069714881423,-0.4591092521754252,-6.552680614881549,-7.011789867056974,-1.8837618310029542,0.4801085802858636,-3.1840545957337025,-2.249951276413424,0.28016464876554825,-0.13036706060451775,1.5700046005697343,0.03772024021467495,0.030440056400571493,0.030853898258548694,0.0008538982585486951,0.02100246972985722,0.03029294763146062,0.00029294763146062164,0.0036815903564635377,0.2753148432077233,0.11056453057855897,0.0908538982585487,0.040853898258548696,0.08596957443174295,0.9140304255682571,0.0006854408197498251,0.1614059630802352,0.13545100048839798,0.2193966973927499,0.00038512041134958365,0.017699493697026385,0.3186179110164815,0.6632974748751425,1.0,0.6695407546507676,0.7325147346539487,1.1924721092373216,7.412493788279916e-05,5.889423581918704,1.6214457300398164,3.67037106553541,47.67578441073121,-4.476974346800944e-13,-4.440892098500626e-16,5.551115123125783e-16,0.0,0.0,-6.247985927243516e-09,7.625323983351251e-13,-3.477014096781028e-09,-3.606487584267848e-09
equilibrium_sigma_6.2,20.0,56.24889646572963,2.1772486423745425,0.48985845236515035,0.6,0.47015945250598823,2.184682268722569,0.8802832740909066,0.24147943598105592,-0.027571939232528042,-0.3138030300021377,-0.48985845236515035,-6.313833951718217,-6.8036924040833675,-1.8167748863996565,0.5065583244535258,-3.1099971816771577,-2.181410952337566,0.2802832740909066,-0.12984054749401175,1.5772486423745424,0.03678560751747527,0.03105749958065573,0.030208827323479702,0.00020882732347970306,0.01994495361411171,0.029950582216553556,-4.9417783446442654e-05,0.003394696752589965,0.27336008279842333,0.11361387976882359,0.0902088273234797,0.040208827323479704,0.08920886272755128,0.9107911372724488,0.0008189867199383681,0.1614284935659767,0.13548512546497568,0.22000274857865645,0.00046014188141745764,0.018494526495770346,0.3174772506250347,0.6635680809977775,1.0,0.6694512788976412,0.7350217316589737,1.192504148217029,8.857922094124889e-05,6.015006601888201,1.6442627027252217,3.644511346940161,48.8808410067707,-8.240075288767912e-13,0.0,7.216449660063518e-16,-1.1102230246251565e-16,0.0,1.1379556949520087e-09,4.864487285205499e-12,6.300182354979089e-10,6.615618365624076e-10
equilibrium_sigma_6.2,21.0,55.24889646572963,2.213609218701823,0.5212225553764221,0.63,0.5000688147406139,2.2041220735118165,0.9100778384783035,0.26803999448761484,-0.024306892941101665,-0.3451346880824939,-0.5212225553764221,-6.072966276652256,-6.594188832028678,-1.7504303372807044,0.5329264324144368,-3.0371225399753525,-2.113627934424131,0.2800778384783035,-0.12993118525938607,1.583609218701823,0.03595124802684062,0.03166985346515102,0.029618455401767545,-0.0003815445982324542,0.018943394920870656,0.029644320480026742,-0.00035567951997325653,0.0031404851175143023,0.27157107697505317,0.11661718110010753,0.08961845540176755,0.03961845540176755,0.09251075811498952,0.9074892418850105,0.000980251646993815,0.1614557005197993,0.1355263254025595,0.22056354773443623,0.0005507295685314815,0.01930868318184172,0.31649632569206254,0.6636442615575643,1.0,0.6693432313965141,0.7375770427935583,1.1925428395594002,0.00010603903495437451,6.142714776247266,1.668183667336043,3.620789886386557,50.07109688129333,-1.5334400416122662e-12,0.0,1.3322676295501878e-15,0.0,0.0,3.0349712604182955e-09,2.9096676457118775e-11,1.6620151400970062e-09,1.7796849376139345e-09
equilibrium_sigma_6.2,22.0,54.24889646572963,2.2491807166142186,0.55319643935523,0.6599999999999999,0.5294124750440576,2.222585467476336,0.9395830643628094,0.2945573550449511,-0.021281448995565166,-0.3770692986802775,-0.55319643935523,-5.82992956536021,-6.38312600471544,-1.6846954907058722,0.5592108055378984,-2.9653368055094464,-2.046556908068304,0.27958306436280944,-0.13058752495594228,1.5891807166142187,0.03520567781580493,0.03227704627873973,0.02907645110745586,-0.000923548892544139,0.017991093218303916,0.029371533181166143,-0.000628466818833856,0.0029148494817832216,0.2699286397195632,0.11957621952332773,0.08907645110745586,0.03907645110745586,0.09587639293857415,0.9041236070614258,0.0011754498403434232,0.16148863234403213,0.1355761827794729,0.22108410743877943,0.0006603707956709287,0.02014256845320746,0.3156600126030628,0.6635370481480588,1.0,0.6692124486069698,0.7401780501916524,1.1925896756684262,0.0001271805973591647,6.272649558319675,1.693167762714749,3.5989470436479523,51.24798604957647,-2.880806704297356e-12,-4.440892098500626e-16,1.2212453270876722e-15,0.0,0.0,-3.6399399883091377e-09,-4.840151890395106e-11,-1.9672648648993984e-09,-2.1524141809170505e-09
equilibrium_sigma_6.2,23.0,53.24889646572963,2.284046867221649,0.5857748916316496,0.69,0.5582360396982343,2.2401187351896548,0.9688314412795536,0.32103876880061094,-0.018468884233369343,-0.40960010099930955,-0.5857748916316496,-5.584602005627829,-6.170376897259478,-1.6195419498945203,0.5854094893666673,-2.894558135173701,-1.980158377565924,0.2788314412795536,-0.13176396030176563,1.5940468672216492,0.03453903121385023,0.03287896910714606,0.02857744273438511,-0.001422557265614889,0.017082241897440113,0.029130380633790587,-0.000869619366209412,0.0027141553127219,0.26841649313450033,0.1224923577653285,0.08857744273438511,0.03857744273438511,0.09930672860097926,0.9006932713990208,0.0014122713540160156,0.16152858642520979,0.1356366541647936,0.221568827683408,0.0007933799362348271,0.020996708818843343,0.31495468190730264,0.663255229337619,0.9999999999999998,0.6690537781928092,0.7428208907940296,1.1926465038695726,0.00015284187095590334,6.404892718384982,1.7191788423715937,3.578759332851753,52.41275700574373,-5.448086426440568e-12,-4.440892098500626e-16,2.4424906541753444e-15,0.0,0.0,2.7149952772087538e-09,5.50131329379866e-11,1.423655755783404e-09,1.6264483579386813e-09
equilibrium_sigma_6.2,24.0,52.24889646572963,2.31828224484234,0.6189525743048336,0.72,0.5865801759286003,2.2567627445904055,0.9978540066333339,0.34749382960501746,-0.015845913621528984,-0.4427198383270472,-0.6189525743048336,-5.336886045185327,-5.9558386194901605,-1.5549449384150915,0.6115206605837809,-2.824715182470589,-1.9143978418306404,0.2778540066333339,-0.13341982407139963,1.5982822448423402,0.03394282240051806,0.033475481276061904,0.02811690654154659,-0.0018830934584534095,0.01621179260347382,0.02891979758001817,-0.0010802024199818294,0.002535145527393645,0.26702092891377754,0.12536650745781547,0.0881169065415466,0.03811690654154659,0.1028025687518201,0.8971974312481799,0.0017002460152306619,0.16157717053740828,0.1357101616069645,0.22202155775528573,0.0009551018001742602,0.021871536534969326,0.31436795138864804,0.6628054102762084,1.0,0.6688608351697953,0.7455001673815284,1.1927156141855257,0.0001840630300302832,6.539503938839051,1.7461844163841105,3.560034529289401,53.56648050403657,-1.0358491842055173e-11,0.0,3.774758283725532e-15,0.0,0.0,-1.3249404004489485e-09,-3.321210667595054e-11,-6.713427626314772e-10,-8.040622091753935e-10
equilibrium_sigma_6.2,25.0,51.24889646572963,2.351953546898264,0.6527239951939685,0.75,0.6144814162118019,2.272553647858151,1.0266811251016026,0.37393500690324705,-0.013392354856165745,-0.47642063724133354,-0.6527239951939685,-5.08670707936428,-5.739431074558249,-1.490882680647692,0.6375426087910016,-2.755745807172461,-1.8492450578982602,0.2766811251016026,-0.13551858378819814,1.601953546898264,0.03340975256849828,0.03406641576691805,0.02769108428238181,-0.0023089157176181888,0.015375344225593947,0.02873950826431937,-0.00126049173568063,0.002374858080189668,0.26573055843146004,0.12819908996542756,0.08769108428238181,0.03769108428238181,0.10636457697770328,0.8936354230222967,0.0020511979818824016,0.16163637953049176,0.13579970631314614,0.22244564504873499,0.0011521653435044928,0.02276736945718099,0.3138884479859782,0.6621920172133363,0.9999999999999999,0.6686256973521387,0.7482085872232218,1.192799849092015,0.00022213730435671612,6.6765174911752645,1.7741547213074136,3.542607813880377,54.710053429685864,-1.9735324485736783e-11,4.440892098500626e-16,4.773959005888173e-15,0.0,0.0,-9.802860675978131e-10,-3.302719209230531e-11,-4.5939459181187914e-10,-6.073938157991066e-10
equilibrium_sigma_6.2,26.0,50.24889646572963,2.385120697012354,0.6870834842086858,0.78,0.6419728918641172,2.287523479745028,1.055343297444044,0.40037830959696574,-0.011090872186079626,-0.5106938694632337,-0.6870834842086858,-4.834012745072699,-5.521096229281385,-1.42733581561266,0.6634737107522674,-2.687595976797253,-1.7846733667214765,0.27534329744404396,-0.13802710813588281,1.6051206970123542,0.03293355351158658,0.034651584870057886,0.027296926399781242,-0.002703073600218757,0.01456905172000318,0.028590071978751297,-0.001409928021248702,0.0022305513480702643,0.2645361406053977,0.13098998416910768,0.08729692639978125,0.037296926399781244,0.1099933009374733,0.8900066990625267,0.00247981245317939,0.16170869093968154,0.1359090096653274,0.2228439720008437,0.0013927995024708498,0.0236843858171914,0.3135055698695499,0.6614172448107879,1.0,0.6683385256563698,0.7509365113322773,1.1929027406189532,0.0002686748411593414,6.8159378177974235,1.803061884926507,3.526338784513106,55.844198493375345,1.5103807093908017e-11,0.0,6.661338147750939e-15,0.0,0.0,2.153040433439113e-09,9.2973441445654e-11,8.755026009721334e-10,1.3708095214504112e-09
equilibrium_sigma_6.2,27.0,49.24889646572963,2.4178378133438536,0.7220251758177905,0.8099999999999999,0.6690850247894782,2.301700677016124,1.0838720325392301,0.42684411065038574,-0.008926790035796772,-0.545529992052793,-0.7220251758177905,-4.5787727929050615,-5.300797968722852,-1.364286817738177,0.6893123935328836,-2.6202188146221994,-1.7206590521317304,0.2738720325392302,-0.14091497521052176,1.6078378133438536,0.03250885997348314,0.03523078638234703,0.026932058228155108,-0.003067941771844891,0.013789550710790088,0.028472960310610418,-0.001527039689389581,0.002099633963914549,0.2634304794792579,0.1337384590119954,0.08693205822815511,0.03693205822815511,0.11368920588982719,0.8863107941101728,0.0030043403549973448,0.1617971838727947,0.13604268746092435,0.22321898234472154,0.001687225185929465,0.02462259289493339,0.3132092388723749,0.6604809430467622,0.9999999999999999,0.6679870919621518,0.7536713942796883,1.1930286808392692,0.0003256828519187559,6.957733816816453,1.8328791554530053,3.511109192736642,56.96945951169089,2.220446049250313e-16,-4.440892098500626e-16,8.659739592076221e-15,0.0,0.0,-1.8584754638006906e-09,-9.165074948969121e-11,-6.312633644978138e-10,-1.2169621317614787e-09
equilibrium_sigma_6.2,28.0,48.24889646572963,2.4501540559203647,0.7575429978387588,0.84,0.6958461938469117,2.315110525988107,1.1123008118265867,0.45335816921323324,-0.006887977595267936,-0.580918359237752,-0.7575429978387588,-4.320979589303515,-5.078522587142274,-1.3017194093195643,0.7150570834564072,-2.5535737813225214,-1.6571807194162584,0.2723008118265867,-0.14415380615308826,1.6101540559203649,0.03213110692402199,0.03580381047179987,0.02659476906752719,-0.0034052309324728094,0.013033896286436256,0.028390668778133232,-0.0016093312218667666,0.001979596969126085,0.2624083911137188,0.13644308522239187,0.0865947690675272,0.03659476906752719,0.11745272000409167,0.8825472799959083,0.003647471125762404,0.16190568625766893,0.1362064639844661,0.22357269613814373,0.0020481396227273437,0.025581787840549135,0.3129896364039258,0.6593804361327976,0.9999999999999999,0.6675561943457391,0.756397089965349,1.1931831341686512,0.00039566603153346706,7.101831524656915,1.8635801843459094,3.4968213565473847,58.08619143386148,-5.551115123125783e-16,0.0,1.3100631690576847e-14,0.0,0.0,4.487765437044544e-10,2.6616556181302542e-11,8.722220862233954e-11,3.0734307113200465e-10
equilibrium_sigma_6.2,29.0,47.24889646572963,2.482114384251938,0.7936306676608754,0.87,0.7222834029458339,2.3277755564828158,1.1406661843357648,0.47995289183973916,-0.004964800201812225,-0.6168470009235616,-0.7936306676608754,-4.060649258952416,-4.854279926613291,-1.2396179377249656,0.7407061355160568,-2.4876259549410014,-1.5942186656497648,0.27066618433576484,-0.14771659705416607,1.6121143842519379,0.031796446924138744,0.036370447581452574,0.02628402359107409,-0.00371597640892591,0.012299513682339919,0.028346865181827496,-0.0016531348181725025,0.0018679459079518068,0.26146673815476995,0.13910162278432456,0.0862840235910741,0.03628402359107409,0.12128429573643364,0.8787157042635664,0.004437407907592183,0.16203895623731313,0.13640743300392424,0.22390671401826798,0.00249131122443732,0.026561509051848037,0.31283691188177437,0.6581102678419403,1.0,0.6670269367019132,0.7590929961368277,1.1933728989473207,0.00048175207364944224,7.248104887054326,1.8951383426217419,3.483397174617106,59.194544608674974,2.220446049250313e-16,-4.440892098500626e-16,1.787459069646502e-14,0.0,0.0,6.992132497996018e-10,4.774351747283134e-11,-3.592961345111334e-11,5.079325311047045e-10
equilibrium_sigma_6.2,30.0,46.24889646572963,2.513760242352701,0.8302816971105025,0.8999999999999999,0.7484229719172613,2.3397158928855983,1.1690090297241753,0.5066688802205731,-0.0031501388808989894,-0.6533023604450352,-0.8302816971105025,-3.7978235280914743,-4.628105225201977,-1.1779666938747533,0.7662577371542034,-2.4223453884489494,-1.5317542196694827,0.2690090297241754,-0.15157702808273865,1.613760242352701,0.031501684968881796,0.0369304977007947,0.02599949652122415,-0.004000503478775848,0.011584159955904696,0.028346576996796102,-0.0016534230032038966,0.0017621314196691884,0.26060453491280045,0.14171087894979198,0.08599949652122416,0.03599949652122415,0.12518449199099746,0.8748155080090025,0.005409182256238511,0.16220290397419765,0.1366543726241558,0.2242222102300174,0.0030363041147211177,0.027560976045410628,0.3127408546292284,0.6566618652106399,1.0,0.6663758478883202,0.7617330074599714,1.1936064289833754,0.0005878479969586843,7.396364237909851,1.9275260622661667,3.4707777162756295,60.29444246448206,0.0,-4.440892098500626e-16,2.4424906541753444e-14,0.0,0.0,-8.739840795524145e-10,-6.27310633993794e-11,2.994753021956509e-10,-6.787949872327781e-10
equilibrium_sigma_6.2,31.0,45.24889646572963,2.545130183223821,0.8674894072016399,0.9299999999999999,0.7742912740746113,2.350949570059689,1.1973760276815837,0.5335568167428698,-0.0014394815779221748,-0.6902689853052602,-0.8674894072016399,-3.5325723365380908,-4.40006174373973,-1.1167491498115207,0.7917097792957357,-2.3577065297797457,-1.4697690316949181,0.26737602768158375,-0.15570872592538865,1.615130183223821,0.031244228750385322,0.03748378133541285,0.025741632312090472,-0.004258367687909527,0.01088589660228888,0.028396418380038924,-0.0016035816199610753,0.0016594775331668643,0.259823128218456,0.14426653082206356,0.08574163231209048,0.035741632312090474,0.12915408244807725,0.8708459175519228,0.006606245543543618,0.16240486013524946,0.13695811962976817,0.2245199136422375,0.003707350637216957,0.02857901540792567,0.31269051876735243,0.6550231151875049,0.9999999999999999,0.6655738154858257,0.7642842460085851,1.1938942245551625,0.0007188338769572667,7.546342053124169,1.960714198849208,3.45892338404416,61.38555167521897,-6.661338147750939e-16,0.0,3.352873534367973e-14,0.0,0.0,6.416516727669741e-10,4.58112506263042e-11,-6.72074555729818e-10,5.54800627314278e-10
equilibrium_sigma_6.2,32.0,44.24889646572963,2.5762604537503226,0.9052469551384178,0.96,0.7999155469010704,2.361492829456058,1.2258213740916424,0.5606797378418447,0.00016891397242435602,-0.7277291659780194,-0.9052469551384178,-3.2649972583392834,-4.170244213477702,-1.05594708473045,0.8170596849112838,-2.293687673597957,-1.4082442824073103,0.2658213740916424,-0.1600844530989296,1.6162604537503227,0.031022052517694368,0.03803015269689111,0.025511731307198297,-0.0044882686928017015,0.010203072929646114,0.02850485400829328,-0.00149514599170672,0.001557107944805125,0.2591264585066615,0.14676290841181489,0.0855117313071983,0.0355117313071983,0.1331941974209593,0.8668058025790407,0.008082369198346952,0.1626538964808824,0.13733200572453988,0.22480007662729018,0.004534386038143963,0.02961397064679574,0.31267379249738597,0.6531778508176743,1.0,0.6645848126371074,0.7667055419561599,1.1942493024058942,0.0008808013247484942,7.69767557956286,1.994671411665337,3.447814626939014,62.467244195736896,-1.1102230246251565e-16,-4.440892098500626e-16,4.574118861455645e-14,0.0,0.0,-3.065240145039283e-10,-1.7989838785315015e-11,6.416992805180488e-10,-3.066273745327974e-10
equilibrium_sigma_6.2,33.0,43.24889646572963,2.607185548182845,0.943547375658265,0.99,0.825324802310843,2.371360403430165,1.2544087756195992,0.5881157383869556,0.001673782799807566,-0.7656625202110754,-0.943547375658265,-2.995235775455582,-3.938783151113847,-0.9955395769411821,0.8423041848202598,-2.2302704281538883,-1.3471597906078483,0.2644087756195992,-0.16467519768915695,1.6171855481828452,0.03083367376052429,0.03856951552562572,0.025312064610302963,-0.004687935389697036,0.00953432150250961,0.028682490944564876,-0.0013175090554351232,0.0014518723506773412,0.258521407910009,0.14919273354356682,0.08531206461030297,0.035312064610302965,0.13730650670053582,0.8626934932994642,0.009903871826735366,0.16296120160173633,0.13779235166732345,0.22506243119872896,0.005554249732138475,0.030663593616699323,0.3126769052281442,0.651105251423018,1.0,0.6633644058760872,0.7689456464299721,1.1946877515278538,0.0010813443917742195,7.849885953473386,2.0293635686249436,3.4374532098247563,63.538550570044606,-1.887379141862766e-15,0.0,6.294964549624638e-14,0.0,0.0,-9.240153781009397e-11,1.3751291771946228e-12,5.291212502867015e-10,-1.2421729270184478e-10
equilibrium_sigma_6.2,34.0,42.24889646572963,2.6379387442154787,0.9823836397428577,1.02,0.850550868765934,2.380565801350453,1.2832137429518489,0.6159611303891656,0.003070543334413589,-0.8040455263491322,-0.9823836397428577,-2.723466378351173,-3.7058500180940306,-0.9355018384120808,0.8674390285541604,-2.1674391685555268,-1.286492995086004,0.26321374295184885,-0.16944913123406602,1.6179387442154787,0.03067814151753251,0.03910184203630238,0.025146018997474574,-0.004853981002525425,0.008878567212198462,0.02894237979722547,-0.0010576202027745285,0.0013402773241244503,0.2580182393862866,0.15154681362569056,0.08514601899747458,0.035146018997474576,0.141493452024887,0.858506547975113,0.012152163234460285,0.16334051011987827,0.13835900421125213,0.2253061328194541,0.006812039204097989,0.031724916051773557,0.3126838695955402,0.6487791751485882,0.9999999999999999,0.6618580506329115,0.7709411794167212,1.1952293759833845,0.0013299101629904008,8.002353597839043,2.064753186260946,3.4278640119077064,64.59810464437477,-5.329070518200751e-15,4.440892098500626e-16,8.704148513061227e-14,0.0,0.0,5.676914494046059e-11,-5.4708078345289124e-11,-2.4071462080554884e-09,2.434121341987616e-10
equilibrium_sigma_6.2,35.0,41.24889646572963,2.6685526343468986,1.0217487340620695,1.05,0.8756295900079196,2.3891216136217226,1.3123261771720076,0.6443340415485539,0.004350924882658758,-0.8428510186988007,-1.0217487340620695,-2.4499143716470715,-3.471663105709141,-0.8758038748875494,0.8924586170912049,-2.105180441934437,-1.2262177897217545,0.26232617717200757,-0.17437040999208042,1.6185526343468986,0.030555036764711815,0.039627195443891795,0.025018271931223447,-0.004981728068776552,0.008235052305810625,0.029300292535561212,-0.0006997074644387868,0.0012184301156903388,0.25763112706431346,0.1538136943910489,0.08501827193122345,0.03501827193122345,0.14575853811950015,0.8542414618804999,0.014926546590458575,0.16380857544090638,0.13905588299105678,0.22552969341231066,0.008362571672339678,0.03279410126960299,0.31267586988664825,0.6461674571714091,1.0,0.6599992137843927,0.7726143523067723,1.1958984158768022,0.001638214543267567,8.154290011256707,2.1007989260093383,3.419097293780772,65.64408085645688,-1.3322676295501878e-14,0.0,1.2101430968414206e-13,-1.1102230246251565e-16,0.0,1.6946261754968717e-10,1.0347940559984892e-10,3.0182526963851153e-09,-1.0511180988104218e-10
equilibrium_sigma_6.2,36.0,40.24889646572963,2.6990596619843457,1.0616357647953922,1.08,0.900602216432842,2.397039848979212,1.341853200969904,0.6733783768881642,0.005502549974253146,-0.8820476729187332,-1.0616357647953922,-2.1748581117024957,-3.236493876497888,-0.8164089729016966,0.9173555453043042,-2.0434822897652976,-1.1663032047301602,0.26185320096990394,-0.17939778356715808,1.6190596619843456,0.030464483621107874,0.04014575630036894,0.024934994511059648,-0.005065005488940351,0.007603380697134291,0.029774924226178,-0.00022507577382199773,0.001082008009856139,0.2573787712456353,0.15597928339651185,0.08493499451105965,0.03493499451105965,0.1501066897219685,0.8498933102780315,0.018347142861151303,0.1643856631343168,0.13991147809525828,0.2257309067977561,0.010271860862251892,0.033866278616856337,0.3126306153055442,0.6432312452153475,0.9999999999999999,0.6577074142830285,0.7738705627273007,1.1967243211155103,0.002020724854719479,8.304706587369273,2.137455177012636,3.4112313194430053,66.67412689356688,-2.7977620220553945e-14,0.0,1.6964207816272392e-13,0.0,0.0,-1.6067510169581745e-10,-6.771896238211284e-11,-1.4480590129761772e-09,-4.546604325667003e-11
equilibrium_sigma_6.2,37.0,39.24889646572963,2.7294926753963944,1.1020380898388402,1.1099999999999999,0.9255170104713357,2.4043323279350846,1.3719221235085113,0.7032679710861212,0.006508506726596863,-0.9215995312564389,-1.1020380898388402,-1.8986351600987335,-3.0006732499375737,-0.7572720327492706,0.9421200433497615,-1.9823334361080476,-1.1067119366203888,0.2619221235085114,-0.18448298952866415,1.6194926753963945,0.030407171826088805,0.040657852694770395,0.024904076083622544,-0.005095923916377455,0.0069835851572992436,0.03038794348264595,0.0003879434826459527,0.000926271823686875,0.25728507904128045,0.15802646949552404,0.08490407608362255,0.034904076083622546,0.1545446801181022,0.8454553198818978,0.022557690066439748,0.16509602319508,0.14095920286175628,0.22590677286952776,0.012618448446482999,0.034935367775298126,0.31252170598353185,0.639924477794687,0.9999999999999999,0.6548863476554854,0.7745960457697124,1.1977425282208205,0.0024952038980316296,8.452381992643993,2.174671769064505,3.4043751164397555,67.6852970965807,-5.773159728050814e-14,0.0,2.3803181647963356e-13,0.0,0.0,-3.1908841194305815e-10,-1.2714524572077224e-10,-2.224003935874519e-09,-1.840927531943093e-10
equilibrium_sigma_6.2,38.0,38.24889646572963,2.759885508906431,1.1429494826904902,1.14,0.9504310780819428,2.4110111560679606,1.4026833397366079,0.734210629548486,0.007346966164398894,-0.9614656454639299,-1.1429494826904902,-1.6216475354023907,-2.764597018092881,-0.6983378026872467,0.9667393114452899,-1.9217222871702249,-1.0473987562696445,0.26268333973660796,-0.18956892191805708,1.619885508906431,0.03038439114560658,0.04116399387670543,0.024935359039641024,-0.005064640960358975,0.00637622150420761,0.031163793752231328,0.001163793752231329,0.000746147456043289,0.25737987587770006,0.1599347802011741,0.08493535903964103,0.034935359039641026,0.15908163152575153,0.8409183684742485,0.02772782231963079,0.16596827453973126,0.1422374614181958,0.22605343040102807,0.01549434193997499,0.0359939062061037,0.312318089638846,0.6361936622150755,1.0000000000000002,0.6514223590458473,0.7746558803653912,1.1989951574660176,0.0030832990141776376,8.595830834461184,2.2123938732393267,3.3986710395205075,68.67399524526294,-1.1080025785759062e-13,0.0,3.356204203441848e-13,0.0,0.0,8.001636471466345e-10,2.930111014931569e-10,4.599983595421353e-09,5.379902417654292e-10
equilibrium_sigma_6.2,39.0,37.24889646572963,2.7902736046956145,1.184364331821314,1.17,0.9754124426736908,2.4170893070692405,1.4343128600159376,0.7664515977110222,0.007990926380450514,-1.0015999497363879,-1.184364331821314,-1.344364857626493,-2.528729189447807,-0.6395391078680193,0.9911967493924277,-1.8616356719186196,-0.9883088500593921,0.2643128600159377,-0.19458755732630917,1.6202736046956145,0.0303980750782918,0.041664906336554314,0.02504086534994098,-0.0049591346500590175,0.0057824931747707115,0.032129132956359996,0.002129132956359997,0.0005364013916375754,0.25769959196951814,0.161680140888553,0.08504086534994099,0.03504086534994098,0.16372958109122654,0.8362704189087735,0.03405426147449444,0.16703560604876147,0.14378924249451824,0.2261661132256963,0.019005211471278337,0.03703290149274741,0.31198371120355384,0.6319781758324206,1.0000000000000002,0.6471836448120887,0.773892786566074,1.2005315080230778,0.0038111437166329365,8.733277936016599,2.2505621606678723,3.3942966391902263,69.63593942295718,-1.9051427102567686e-13,0.0,4.725109192804666e-13,0.0,0.0,-1.1719788195474479e-09,-4.4492949602403797e-10,-6.17986646231361e-09,-9.829301513344935e-10
equilibrium_sigma_6.2,40.0,36.24889646572963,2.82069468338085,1.2262778761308268,1.2,1.000542320703938,2.4225813459891,1.4670140554130189,0.8002758356676691,0.008408189454398363,-1.0419515064751017,-1.2262778761308268,-1.0673238317591276,-2.2936017078899544,-0.5807952150563362,1.0154710924212893,-1.8020572529586572,-0.9293761852381548,0.2670140554130189,-0.19945767929606206,1.6206946833808502,0.030450857121568156,0.042161570668316564,0.025234989677173268,-0.004765010322826731,0.005204408369025169,0.03331181191112975,0.003311811911129753,0.00029193483630507444,0.2582878475065857,0.16323482144176973,0.08523498967717327,0.03523498967717327,0.16850409698128235,0.8314959030187177,0.04176018826943905,0.16833567047255374,0.14566101296348016,0.2262391488677234,0.023269407515295545,0.03804173972056261,0.3114775158731263,0.6272113368910155,0.9999999999999998,0.6420206738594758,0.7721272847270101,1.2024081886112779,0.004709918625228616,8.862644237019982,2.2891133031965376,3.391465191512694,70.56616548208927,-2.9043434324194095e-13,-4.440892098500626e-16,6.645795025406187e-13,-1.1102230246251565e-16,0.0,1.0959752549943858e-09,3.960205843811515e-10,5.123005145102333e-09,9.802025484687005e-10
equilibrium_sigma_6.2,41.0,35.24889646572963,2.851189475565548,1.2686864768604675,1.23,1.0259175647094143,2.427504325303162,1.5010181263929323,0.8360083573974648,0.008561696754573411,-1.0824652892430076,-1.2686864768604675,-0.7911222515175893,-2.059808728378057,-0.5220105071554082,1.03953547424073,-1.742965530456853,-0.8705220144896301,0.2710181263929323,-0.20408243529058567,1.621189475565548,0.03054613712525142,0.042655256984397726,0.025534628469582814,-0.004465371530417185,0.004644968657102793,0.034739342078538016,0.004739342078538017,8.206640922381325e-06,0.25919584384722066,0.16456767342897777,0.08553462846958282,0.035534628469582816,0.17342492066768211,0.8265750793323179,0.05109196164245029,0.16991003094806498,0.147900679251025,0.2262660222169737,0.028415319655262495,0.03900818992391916,0.31075396861968285,0.6218225218011355,1.0,0.6357683856995582,0.7691598762124701,1.2046886931325453,0.005816294645179198,8.981551819308418,2.3279809028631853,3.390424122000484,71.45908827748201,-3.894662370385049e-13,4.440892098500626e-16,9.281464485866309e-13,0.0,0.0,4.571013741128116e-10,1.7106345506778808e-10,2.0151937792090013e-09,4.733595338618501e-10
equilibrium_sigma_6.2,42.0,34.24889646572963,2.881802527170569,1.3115879239449397,1.26,1.0516531989338802,2.4318788853482745,1.5365828034014832,0.8740118946793962,0.008410347581219835,-1.1230836582714234,-1.3115879239449397,-0.5164057599544365,-1.8279936838993762,-0.46307364508264803,1.0633564427024935,-1.6843313667300908,-0.8116536387568656,0.2765828034014832,-0.2083468010661198,1.621802527170569,0.030688157052569207,0.043147556490404,0.025959214236107912,-0.004040785763892087,0.004108383203509024,0.03643691203647492,0.006436912036474923,-0.00031823040425038585,0.2604824673821452,0.1656447626745782,0.08595921423610792,0.035959214236107914,0.17851660710583325,0.8214833928941667,0.06231241128138643,0.17180302938715003,0.15055444209679744,0.2262395266590458,0.03457665667074915,0.03991854923006193,0.3097642534773532,0.6157405406218357,1.0,0.628250684441471,0.7647758796779592,1.2074422335299877,0.007172658887779758,9.08735608269376,2.3670969344002155,3.3914505531161083,72.3086390736488,-4.5075054799781356e-13,0.0,1.2825296380469808e-12,0.0,0.0,-2.402512137150703e-09,-9.207901663366158e-10,-9.933528014038906e-09,-2.8017784646158783e-09
equilibrium_sigma_6.2,43.0,33.24889646572963,2.912583083391867,1.3549817694920439,1.29,1.0778849130101242,2.4357305733189305,1.5739889222985624,0.9146813504167856,0.007910389427846054,-1.163748625754987,-1.3549817694920439,-0.24384619422887743,-1.5988279637209213,-0.4038573640442833,1.0868929505808789,-1.6261150019975288,-0.75266353455701,0.2839889222985623,-0.2121150869898758,1.6225830833918669,0.030882091920643603,0.04364040706034688,0.02653063329363157,-0.0034693667063684305,0.003600297777239298,0.0384251751206488,0.008425175120648803,-0.0006891313897305906,0.262214040283732,0.16643047417722265,0.08653063329363157,0.03653063329363157,0.18380913600904072,0.8161908639909593,0.07569023100439774,0.17405999703719355,0.15366251788873844,0.22615201836203944,0.04188544504543732,0.0407579680151242,0.30845828023977706,0.6088983066996614,1.0,0.6192875452270534,0.7587533413433467,1.2107416960219386,0.00882700972750916,9.177211685322822,2.406393754547574,3.3948434158311778,73.10849106461346,-4.46753745109163e-13,-4.440892098500626e-16,1.7548185127225224e-12,0.0,0.0,3.0143212058353352e-09,1.090082940580217e-09,1.112981311973682e-08,3.581215204592758e-09
equilibrium_sigma_6.2,44.0,32.24889646572963,2.943586072738366,1.3988696853524345,1.3199999999999998,1.1047714333329164,2.439091395934305,1.6135348315405447,0.9584349664729612,0.007017400519612416,-1.204404901291494,-1.3988696853524345,0.025888547905642767,-1.3729811374467917,-0.3442189186262239,1.1100953156201037,-1.568262534394722,-0.6934288520925146,0.2935348315405448,-0.21522856666708345,1.623586072738366,0.031134151044883818,0.044136112511550724,0.02727302414007087,-0.0027269758599291274,0.0031280209875765045,0.04071820239537338,0.010718202395373383,-0.0011039948577540315,0.2644637095153663,0.16688910774348137,0.08727302414007088,0.03727302414007087,0.18933848900753866,0.8106615109924613,0.09148560711809578,0.17672482984605292,0.1572539473277187,0.22599577701785745,0.05046294527376636,0.041510977612771456,0.3067874650686983,0.6012386120447638,0.9999999999999999,0.6087046432308757,0.7508739899167808,1.2146607067144208,0.01083241149535781,9.248175138582333,2.4458067033972704,3.400911948377283,73.85237219642121,-3.714806240395774e-13,0.0,2.362110507192483e-12,0.0,0.0,-1.5765781180565597e-09,-5.721321819085468e-10,-5.350310489787846e-09,-2.0194039444115797e-09
equilibrium_sigma_6.2,45.0,31.24889646572963,2.974873200702935,1.4432558366436457,1.3499999999999999,1.1324966336948072,2.4420015877274044,1.6555290496892732,1.0057028260556786,0.0056887707411781285,-1.2450035437456308,-1.4432558366436457,0.2921714138132768,-1.151084422830369,-0.28400104416680994,1.1329041029383826,-1.5107019195017806,-0.6338111983741931,0.3055290496892733,-0.21750336630519262,1.624873200702935,0.031451698571447584,0.044637357315074774,0.028212484749816878,-0.0017875152501831207,0.0027007288472185916,0.04332212037105876,0.01332212037105876,-0.0015596501357073578,0.26731055984792995,0.16698688349786286,0.08821248474981688,0.03821248474981688,0.19514721741281368,0.8048527825871863,0.10993306339239181,0.17983709424329708,0.1613410226219785,0.22576345546642226,0.060409223876144266,0.042162209476218196,0.30470812158630983,0.5927204450613278,1.0,0.5963448475270974,0.7409365543971366,1.219269968174332,0.013245928596758244,9.29734034344277,2.4852772523024322,3.409961071797051,74.53444522876404,-2.5712765250318625e-13,-4.440892098500626e-16,-2.440270208126094e-12,0.0,0.0,-1.3333257276038069e-09,-4.803126021912796e-10,-4.099201918877915e-09,-1.7913446654846399e-09
equilibrium_sigma_6.2,46.0,30.24889646572963,3.006514171371711,1.4881472684558015,1.38,1.1612713232013723,2.4445115611288992,1.7002821142622198,1.0569140861336643,0.0038864697785125912,-1.2855058795479013,-1.4881472684558015,0.5544563437340956,-0.9336909247217059,-0.22303310592950387,1.15524881685365,-1.4533385831878245,-0.5736564799258295,0.32028211426221986,-0.21872867679862762,1.6265141713717113,0.031843399017933205,0.045147221495534275,0.029376751439767944,-0.000623248560232055,0.002329631327833266,0.04623493037647641,0.016234930376476414,-0.002050107497097997,0.27083864072656955,0.16669416658723205,0.08937675143976795,0.039376751439767946,0.20128507222743208,0.7987149277725679,0.13122339753796483,0.18342897964914698,0.16591415130134798,0.22544857921477213,0.07179265982640316,0.042697252825779596,0.3021850899796821,0.583324997368135,0.9999999999999999,0.5820803236495635,0.7287710588718449,1.224633222435677,0.01612701652403327,9.321995500942231,2.5247565903343907,3.422274803753096,75.14971463347935,-1.461053500406706e-13,0.0,-1.4495071809506044e-12,0.0,0.0,3.58056731486478e-09,1.2080725586560703e-09,9.730852960215808e-09,4.711014235832256e-09
equilibrium_sigma_6.2,47.0,29.24889646572963,3.038588076181693,1.533554313766975,1.41,1.1913347621187778,2.4466840114136787,1.7480989768635207,1.112484942870988,0.0015798090913006213,-1.3258872326416964,-1.533554313766975,0.8123168260096089,-0.7212374877573661,-0.16113192897531237,1.1770462062083484,-1.396050727605806,-0.51279444100517,0.33809897686352075,-0.21866523788122216,1.6285880761816929,0.03231938922644652,0.04566920365986248,0.03079493981479218,0.0007949398147921796,0.0020280933618129614,0.04944779835147628,0.01944779835147628,-0.002566730777919801,0.275136181256946,0.165987633655541,0.09079493981479218,0.04079493981479218,0.2078098232169813,0.7921901767830187,0.1554872076134279,0.18752251921994284,0.17093811647281548,0.22504604173021436,0.08464100267264567,0.04310355923302804,0.2991950707841276,0.5730603673101985,0.9999999999999998,0.5658235708990033,0.7142521928216015,1.23080334366909,0.019535426428351016,9.319783029380575,2.5642095128470626,3.438099330995809,75.69440526808077,-6.683542608243442e-14,0.0,-3.2374103398069565e-13,-1.1102230246251565e-16,0.0,-5.2100593839199405e-09,-1.7354794892843195e-09,-1.2734818418541627e-08,-6.901851730325287e-09
equilibrium_sigma_6.2,48.0,28.24889646572963,3.0711849681670254,1.5794910282932626,1.44,1.2229559629627278,2.448596111670366,1.7992734154478254,1.172809516347324,-0.0012521240861753657,-1.3661399921474715,-1.5794910282932626,1.0654776720911567,-0.5140133562021059,-0.09810182076763829,1.198197929054442,-1.3386844857524363,-0.4510375655633785,0.35927341544782543,-0.21704403703727215,1.6311849681670254,0.03289149827899383,0.04620726025311689,0.03249745232820767,0.0024974523282076735,0.001811722530193299,0.05294776389996869,0.022947763899968693,-0.0030986999366433565,0.2802953100854778,0.164852063486277,0.09249745232820768,0.042497452328207674,0.21478842164260387,0.7852115783573961,0.18278253448728624,0.19212750501188733,0.17635058443690213,0.22455253627405478,0.09893553805825385,0.04337127596133288,0.2957291659775383,0.5619640200028749,0.9999999999999999,0.5475357018935182,0.6973097659091094,1.237819094230569,0.023528760048227917,9.288840417376495,2.603618405123064,3.457627516431301,76.16625467793716,-2.4646951146678475e-14,0.0,2.220446049250313e-16,0.0,0.0,4.820387242143731e-09,1.5169672601400563e-09,1.0556355997670686e-08,6.13995226471549e-09
equilibrium_sigma_6.2,49.0,27.24889646572963,3.1044076849834257,1.6259756783340469,1.47,1.2564350384935805,2.450341795816124,1.8540857048250792,1.2382554757918638,-0.00461859341721893,-1.4062756731103023,-1.6259756783340469,1.313836099088076,-0.3121395792459709,-0.033733325647751444,1.2185872439342806,-1.281048929294637,-0.38817899669601985,0.3840857048250792,-0.21356496150641946,1.6344076849834257,0.033573521614251645,0.046765869961794056,0.03451614574046286,0.004516145740462864,0.0016984526131122776,0.0567214542102068,0.026721454210206802,-0.0036336469433351226,0.2864125628498875,0.16328148980778,0.09451614574046287,0.044516145740462865,0.22229869562839616,0.7777013043716039,0.21308849879777222,0.1972404144745919,0.18206334499494167,0.2239668809863305,0.11460941943333859,0.04349389767246618,0.2917941894121928,0.5501024934820024,0.9999999999999999,0.5272307058054926,0.6779347068621727,1.2457029701432847,0.028159874761168782,9.227902451452952,2.6429871908493996,3.480986057987929,76.56467457412732,-6.8833827526759706e-15,0.0,-2.220446049250313e-16,0.0,0.0,1.0576994488586955e-09,3.305259815844508e-10,2.127468499979468e-09,1.318036792988947e-09
equilibrium_sigma_6.2,50.0,26.24889646572963,3.1383739892304985,1.673031309946364,1.5,1.2921048858449962,2.4520341501203187,1.9128042515309351,1.309165425499807,-0.00851598793252517,-1.4463258410481687,-1.673031309946364,1.5574703913978487,-0.11556091854851536,0.032199521968334865,1.2380743410241797,-1.2229108707091623,-0.323989285506748,0.41280425153093514,-0.20789511415500384,1.6383739892304985,0.03438157108846257,0.04735012982875761,0.03688482644118193,0.006884826441181928,0.0017086719909836338,0.06075918262182789,0.03075918262182789,-0.004158289409472715,0.2935903831550967,0.16127956685741876,0.09688482644118192,0.046884826441181915,0.23043176792836634,0.7695682320716337,0.24630562537681366,0.20284446518453986,0.18796624011544025,0.22329022035213106,0.1315504079919581,0.04346865730813282,0.2874125854588562,0.5375683492410529,1.0,0.5049752309975348,0.6561799330491728,1.2544603359387025,0.03347436101050702,9.136352250954028,2.6823451579975233,3.508225635387952,76.89076189777057,-1.7763568394002505e-15,-4.440892098500626e-16,0.0,0.0,0.0,-8.436214574136791e-09,-2.625040421144753e-09,-1.591171337744779e-08,-1.0187173382853257e-08
equilibrium_sigma_6.2,51.0,25.24889646572963,3.1732190959234967,1.7206864268797244,1.53,1.3303335159860041,2.45380796269676,1.975691256235693,1.3858641113148344,-0.012927157781922993,-1.4863420154216243,-1.7206864268797244,1.7966369354446279,0.07595050856490349,0.09994340731974138,1.2564898570218004,-1.1639893250565516,-0.2582119703703478,0.44569125623569295,-0.1996664840139959,1.6432190959234967,0.03533453703801391,0.04796588659990873,0.03964011203316089,0.00964011203316089,0.0018654609762098623,0.06505883342167174,0.03505883342167174,-0.0046588794255786325,0.30193973343382086,0.15885914071134297,0.0996401120331609,0.04964011203316089,0.23929537949364885,0.7607046205063511,0.28226222347823743,0.20891069125132844,0.1939332199998952,0.2225261175890819,0.14960740026236555,0.04329662544561027,0.2826210915255959,0.5244748827664283,1.0,0.48088431026958084,0.6321564209107705,1.2640797808047466,0.039508289468053515,9.014218223219505,2.7217506474331876,3.5393133251241795,77.1471685064905,-6.661338147750939e-16,-4.440892098500626e-16,0.0,0.0,0.0,1.0623717128233068e-08,3.169340477560123e-09,1.8865819913227444e-08,1.2221900629570681e-08
equilibrium_sigma_6.2,52.0,24.24889646572963,3.2090987446834003,1.7689758250394636,1.56,1.3715274709287248,2.4558226143128747,2.0430119875908583,1.46867074902289,-0.017821039805912653,-1.5263948765404425,-1.7689758250394636,2.0317586927014375,0.2627828676619739,0.1697712929744759,1.2736259438906765,-1.1039492034497977,-0.19055797803897775,0.4830119875908583,-0.1884725290712752,1.6490987446834002,0.03645468838810391,0.048619907656796676,0.042822674459133285,0.012822674459133286,0.002195004567873273,0.0696291443569308,0.039629144356930796,-0.00512132805163823,0.3115838619973736,0.15604116126273093,0.10282267445913329,0.05282267445913329,0.24901834587329671,0.7509816541267033,0.3207251975711495,0.21539976720313264,0.1998296345868834,0.22168058550715997,0.16859951333435727,0.042982544350639335,0.2774684408682009,0.5109495014468025,1.0,0.4551141176273298,0.6060256134440062,1.2745344166357129,0.04628636903831285,8.862123882623697,2.761294784847051,3.5741253770005517,77.33786261679202,-2.220446049250313e-16,-4.440892098500626e-16,-6.661338147750939e-16,0.0,0.0,-6.658577543505739e-09,-1.980989781935616e-09,-1.1523673501545595e-08,-7.426827955143295e-09
equilibrium_sigma_6.2,53.0,23.24889646572963,3.2461929607356295,1.817941615404898,1.5899999999999999,1.416136662460305,2.4582654899333076,2.1150469913398195,1.5579153944732267,-0.02315220531606288,-1.566573190094383,-1.817941615404898,2.263409103637679,0.44546748823278115,0.2419890048135247,1.289224036955415,-1.042393822631049,-0.1206989990671604,0.5250469913398197,-0.17386333753969496,1.6561929607356296,0.037768475591113904,0.049320093965299856,0.04647888313477993,0.01647888313477993,0.0027272572940790357,0.07449231292255831,0.044492312922558314,-0.005530906187489748,0.32266328222660584,0.15285313415569374,0.10647888313477993,0.05647888313477993,0.2597564039077305,0.7402435960922695,0.3614131514496211,0.22226421877682317,0.20551978207382385,0.22076212021796746,0.18832623958999065,0.04253445549523102,0.27201259153334423,0.49712671338143405,1.0,0.42785318852875387,0.5779897195833668,1.2857837123410392,0.05382057188125547,8.681203003988205,2.801105454942305,3.6124377716327327,77.46782613261334,1.5945023079666498e-12,0.0,-4.440892098500626e-16,0.0,0.0,-2.8189115833243683e-09,-8.326103348443858e-10,-4.822948922178494e-09,-3.0650971201244548e-09
equilibrium_sigma_6.2,54.0,22.24889646572963,3.28471073771076,1.8676344807410399,1.6199999999999999,1.4646610546210208,2.461356204617302,2.1921066325975027,1.6539583420193313,-0.028859871669316695,-1.6069828750909867,-1.8676344807410399,2.492295599174513,0.6246611184334732,0.3169425816267184,1.3029580169034791,-0.9788555785243617,-0.04825989708430259,0.5721066325975028,-0.15533894537897908,1.6647107377107602,0.03930760987085785,0.05007574086430586,0.05066288957806855,0.020662889578068548,0.0034969423193579145,0.07968612505182548,0.049686125051825486,-0.005871452102290675,0.33534208963051076,0.1493273359138446,0.11066288957806855,0.06066288957806855,0.27169982181282804,0.728300178187172,0.4040097199949977,0.22945067211528508,0.21087388540416485,0.21978181709243122,0.20857731019574471,0.04196320101267013,0.26631792617878497,0.4831415626128002,1.0,0.3993134876033515,0.548281463554343,1.2977754490295024,0.06210920220090371,8.472995047910098,2.8413518647951417,3.65391121690012,77.54273243062845,-5.03286301523076e-12,0.0,2.220446049250313e-16,0.0,0.0,1.2621340618468313e-08,3.559360209348661e-09,2.1011501143142208e-08,1.3265209905348463e-08
equilibrium_sigma_6.2,55.0,21.24889646572963,3.3248960059071946,1.9181152300153452,1.65,1.5176597366236884,2.4653520678162466,2.2745477022353713,1.7572119705761151,-0.034865830066957315,-1.6477465861311846,-1.9181152300153452,2.7192463708832513,0.801131140867906,0.39502621752413947,1.3144107222283623,-0.912783859422222,0.027189916439158687,0.6245477022353714,-0.13234026337631155,1.6748960059071947,0.04111051247202388,0.050897857502178984,0.05543924229162386,0.025439242291623858,0.0045449826581432096,0.08526598767044646,0.055265987670446465,-0.0061239974635807215,0.3498158857321935,0.14549898840541667,0.11543924229162386,0.06543924229162386,0.28508332230536154,0.7149166776946385,0.44817551403687683,0.2369018689810602,0.2157739499336128,0.21875366219332107,0.22914127107729126,0.04128188225203444,0.2604527586885371,0.4691240879821372,1.0,0.36972240559529246,0.5171545400053061,1.3104474501383965,0.0711363233274162,8.239334660663564,2.8822501521639867,3.6980663574386785,77.5686408505272,-8.544276397515205e-13,0.0,4.440892098500626e-16,0.0,0.0,-2.2209486479074503e-08,-6.131618893179258e-09,-3.691212387135767e-08,-2.3054887597975804e-08
equilibrium_sigma_6.2,56.0,20.24889646572963,3.367035269223815,1.9694566949453325,1.68,1.5757628775969545,2.4705552122505092,2.362792188949018,1.868165000156954,-0.04107065078174066,-1.6890040817619643,-1.9694566949453325,2.945202907598331,0.9757462126529983,0.47669043839688374,1.3230406744642649,-0.8435292799790448,0.1061460547824746,0.682792188949018,-0.10423712240304539,1.6870352692238149,0.043224306727078984,0.051799556109003296,0.06088619601081479,0.03088619601081479,0.005920506741747558,0.09130736443374587,0.061307364433745876,-0.006264630970642671,0.36632180609337817,0.14140451168172938,0.1208861960108148,0.07088619601081479,0.3001990388150725,0.6998009611849275,0.49355755709937504,0.24455825882676552,0.2201182537451684,0.21769510591131297,0.24981216680395074,0.04050533970760899,0.2544874620521919,0.4551950314362484,1.0,0.33931643674341866,0.4848756368794867,1.3237288138815804,0.08087139645263053,7.9822451439174555,2.9240704577999392,3.7442439660919224,77.55173117618469,-1.1857181902996672e-13,-4.440892098500626e-16,-2.220446049250313e-16,0.0,0.0,2.2918039389863143e-08,5.9681674602352075e-09,3.716555132399213e-08,2.3233968346469958e-08
equilibrium_sigma_6.2,57.0,19.24889646572963,3.4114676070595693,2.021746066214694,1.71,1.6396874804251862,2.477322118389023,2.4573489267612927,1.987409875271097,-0.04734723239004168,-1.730913602336499,-2.021746066214694,3.171220359003007,1.1494742927883128,0.5624502240654901,1.328133904278292,-0.770322657527041,0.18917977953441673,0.7473489267612927,-0.07031251957481377,1.7014676070595693,0.04570756000611052,0.05279653038240238,0.06709997406738813,0.03709997406738813,0.0076836242811147495,0.09790916073448841,0.06790916073448841,-0.006261259952733411,0.3851514365678428,0.13707992589325965,0.12709997406738813,0.07709997406738812,0.3174135516681099,0.6825864483318901,0.5397956680687115,0.2523590756128826,0.22382449195173998,0.21662807347931454,0.27039413261088907,0.03964971240424635,0.2484933221565488,0.44146283282831567,0.9999999999999999,0.3083369023939633,0.45171846459518694,1.3375404788331273,0.09126896499514758,7.703842711707858,2.9671460875069875,3.791542322603501,77.4980907230974,-1.2878587085651816e-14,0.0,0.0,0.0,0.0,-9.378339146937087e-10,-2.35067909581943e-10,-1.5189310226260133e-09,-9.514127385229498e-10
equilibrium_sigma_6.2,58.0,18.24889646572963,3.458597934396712,2.0750877580513833,1.74,1.7102580279611581,2.486076418340689,2.558839367695163,2.1156747005138032,-0.053530309270878984,-1.7736544301917114,-2.0750877580513833,3.3984771342332447,1.3233893761818614,0.6528922155637025,1.3287326234674037,-0.6922468197930604,0.27694939510488503,0.8188393676951631,-0.02974197203884188,1.7185979343967122,0.04863412988550661,0.05390763995266299,0.07420038424486136,0.04420038424486136,0.00990927865325357,0.10519870820679955,0.07519870820679955,-0.006068621317689704,0.4066678310450344,0.13255939082797344,0.13420038424486136,0.08420038424486136,0.33719031184977516,0.6628096881502248,0.5865255214177915,0.26024285409725967,0.22683176923708065,0.2155806417134134,0.2907039186345056,0.03873211463699861,0.24254224788826206,0.42802171884023366,1.0,0.2770279006500797,0.4179599447666669,1.3517949850686177,0.1022681807154146,7.406254224241098,3.011885341540251,3.8387202213343254,77.41355692829478,-1.7763568394002505e-15,0.0,-1.2789769243681803e-12,0.0,0.0,-5.651645956783469e-09,-1.319596217019825e-09,-8.958389377533571e-09,-5.674135706429384e-09
equilibrium_sigma_6.2,59.0,17.24889646572963,3.508914871275202,2.1296069151853994,1.77,1.7884336568945884,2.497326274259114,2.668029471270326,2.253862035447029,-0.059399634404396995,-1.8174308160116,-2.1296069151853994,3.628295226829792,1.4986883116443925,0.7486792583322115,1.323526939808453,-0.608198427286829,0.37021163115328143,0.8980294712703261,0.018433656894588424,1.738914871275202,0.05209865972394842,0.05515561270738943,0.08233839051158087,0.05233839051158087,0.01269264754779715,0.11333918340517002,0.08333918340517002,-0.005620356893221157,0.4313284560956996,0.12787380922336355,0.14233839051158087,0.09233839051158087,0.3601190017754185,0.6398809982245814,0.6333782437313626,0.26814736176500087,0.2291017412325452,0.21458976276589267,0.31057149091255015,0.0377704624474033,0.23670745178309224,0.4149505948569544,1.0000000000000002,0.245636576699987,0.38387852957273627,1.3663952929263044,0.11379193238746277,7.091548466466832,3.0587866513689645,3.884047133363798,77.30361289018987,4.440892098500626e-16,0.0,1.1004530620084552e-12,0.0,0.0,5.126370647423606e-10,1.0948578849090396e-10,7.908034921344509e-10,5.091807947499305e-10
equilibrium_sigma_6.2,60.0,16.24889646572963,3.5630152827831463,2.1854536779618683,1.7999999999999998,1.8753442436238403,2.5116882253399364,2.7858707111951357,2.4030980117562653,-0.06465292128348588,-1.862477498294881,-2.1854536779618683,3.862173267711925,1.6767195897500566,0.8505485885045931,1.310685929184596,-0.5168356708739058,0.46983100473459605,0.9858707111951359,0.07534424362384051,1.7630152827831465,0.05622461508133465,0.05656785343392666,0.09170655305331851,0.061706553053318514,0.016156835023904054,0.12254067355055298,0.09254067355055298,-0.004815970626736998,0.4597168274342985,0.1230493426782625,0.1517065530533185,0.10170655305331851,0.3869532433395954,0.6130467566604045,0.6799762722430772,0.27600890012359014,0.23061925612889445,0.21370569611153992,0.32983883538267034,0.03678348241201478,0.23106531834864366,0.40231236385667124,1.0,0.21441589759713825,0.3497545583067382,1.38123244909686,0.12574526702019134,6.761678730277607,3.108457494013197,3.9250702900950802,77.17333066305312,6.623146475703834e-12,0.0,4.598543767997398e-13,0.0,0.0,1.021685009511275e-08,1.9450704866197377e-09,1.523143217108114e-08,1.0016449652344717e-08
equilibrium_sigma_6.2,61.0,15.24889646572963,3.621638721496321,2.242808282489376,1.8299999999999998,1.9723389242313938,2.5299203456865347,2.9135547335118153,2.5647969483851187,-0.06886159274042614,-1.909067117353458,-2.242808282489376,4.1018353737684805,1.8590270912791045,0.9592960026004078,1.2875861601110064,-0.416505599692674,0.5767825587118441,1.0835547335118154,0.14233892423139394,1.791638721496321,0.061176376619678674,0.05817728293906226,0.10255374189954711,0.07255374189954711,0.02046404930788625,0.13307681939966898,0.10307681939966898,-0.0034985635744000376,0.4925870966652943,0.11810557631921258,0.16255374189954713,0.11255374189954713,0.41865671224083373,0.5813432877591662,0.7259247566548871,0.28376085410661483,0.2313928788476613,0.21299934173984175,0.3483569375545349,0.0357909456200718,0.22569892181975157,0.39015319500564166,0.9999999999999999,0.18363041304122563,0.31587259525958167,1.3961817162967618,0.1380126494042394,6.418432279542004,3.1616369217224025,3.958248392529966,77.02735666919709,-7.646772104408228e-12,-4.440892098500626e-16,1.0880185641326534e-13,0.0,0.0,-6.977625213733241e-10,-1.1316526882243494e-10,-9.989477439686922e-10,-6.751928946502339e-10
equilibrium_sigma_6.2,62.0,14.24889646572963,3.685717038604204,2.3018869277863665,1.8599999999999999,2.081052340507836,2.5529690956110187,3.052588722226705,2.7407494022198775,-0.071396590643237,-1.9575199102939207,-2.3018869277863665,4.349300660090918,2.047413732304552,1.075730200279517,1.2503611172000024,-0.30514139781937066,0.6921379273293677,1.1925887222267053,0.22105234050783595,1.8257170386042043,0.06717807736958074,0.060022971126195944,0.11520633527308463,0.08520633527308463,0.025832227708621786,0.14531029046471744,0.11531029046471744,-0.0014154178118452876,0.5309282887063171,0.11305287814377063,0.17520633527308466,0.12520633527308467,0.45645288214876945,0.5435471178512306,0.7707968679448454,0.2913312135274691,0.23145573326197247,0.21257470763246664,0.36598058628595237,0.03481419336464879,0.22070415131787746,0.3785010690315214,1.0000000000000002,0.1535660984769536,0.2825258260664437,1.4110964375567725,0.150453315237094,6.06337939852376,3.219219647835358,3.978367654468375,76.86993489862053,-9.303668946358812e-13,0.0,1.6431300764452317e-14,0.0,0.0,-2.0172612594238082e-08,-2.601439036409303e-09,-2.7262236801384176e-08,-1.899060084534221e-08
equilibrium_sigma_6.2,63.0,13.24889646572963,3.756448139749482,2.3629479407402454,1.89,2.203496737288236,2.5820368190182106,3.204902897740084,2.9332462860041124,-0.07130014817889618,-2.0082161128226073,-2.3629479407402454,4.606981208273703,2.244033267533458,1.2005645442107489,1.1931272664260186,-0.18011416895948817,0.8170132752748073,1.3149028977400843,0.31349673728823624,1.866448139749482,0.07454416465033341,0.06214994252004408,0.13009946067884218,0.10009946067884218,0.03256040041172517,0.15973281465742062,0.12973281465742062,0.0018542515467512288,0.5760589717540673,0.10788816001042564,0.1900994606788422,0.1400994606788422,0.5018593108758364,0.49814068912416365,0.8141096346947013,0.29863849643397705,0.23086723060749828,0.21259085126592245,0.38256005549626027,0.03387706417106397,0.216200373151213,0.3673625071814628,1.0,0.1245465447545501,0.2500228298425675,1.4257982437238068,0.1628933997491896,5.69780983779451,3.2822744764101137,3.9776003613092192,76.70496681070604,-7.593925488436071e-14,0.0,1.3322676295501878e-15,0.0,0.0,-5.36072977674884e-10,-4.838941053408874e-11,-6.73060662759184e-10,-4.851344048706352e-10
equilibrium_sigma_6.2,64.0,12.24889646572963,3.8354098732265514,2.4262967590645594,1.92,2.342192615171627,2.6186811739489064,3.3730092874559334,3.145259745210704,-0.06705685011844875,-2.0616112984027737,-2.4262967590645594,4.877820987234724,2.4515242281701646,1.3341780520666926,1.1066084468152335,-0.03801406498265203,0.9524339723364444,1.4530092874559335,0.4221926151716269,1.9154098732265514,0.08373129519358731,0.0646066353791982,0.14782410412504152,0.11782410412504152,0.0410684012112542,0.17702989461465535,0.14702989461465535,0.007035575958491691,0.6297700125001258,0.10258766549190891,0.20782410412504151,0.1578241041250415,0.5566481379387896,0.44335186206121036,0.8552837172688079,0.3055849626230924,0.22971654750139492,0.21330202856657726,0.39792765591170387,0.03300740487821032,0.21234941730980023,0.3567155219002857,1.0000000000000002,0.09695990942989868,0.21869742235685508,1.4400609810775582,0.17511243465839732,5.32263587330092,3.352036460462338,3.943986907160253,76.53611466439483,-1.3322676295501878e-15,0.0,-2.220446049250313e-16,0.0,0.0,4.421139815358188e-08,2.054467207468491e-09,5.055142518473055e-08,3.783884788138847e-08
equilibrium_sigma_6.2,65.0,11.24889646572963,3.9247437754556596,2.4922858692448187,1.95,2.5003581855001014,2.664965167401743,3.5602442762491755,3.3807146721624,-0.0561732954807761,-2.1182538217246143,-2.4922858692448187,5.1654959421994135,2.673210072954595,1.4761057177052856,0.9756217184309333,0.12568070993129155,1.0990245245971133,1.6102442762491755,0.5503581855001014,1.9747437754556596,0.09543044223179394,0.06743651793492614,0.16919958065914806,0.13919958065914806,0.05196033892558012,0.19818704888541205,0.16818704888541205,0.01541729465315278,0.6945441838156001,0.09709464063819787,0.22919958065914806,0.17919958065914804,0.6225730660847176,0.37742693391528237,0.8935753745551014,0.3120451357717155,0.22812924764920967,0.21513403385180613,0.4118754820714616,0.032239477555865724,0.20938976327300926,0.34649527709966343,1.0,0.07130449904808206,0.18892265665408808,1.4535837334644806,0.18682001888045624,4.938228977773329,3.429818214862122,3.859065314970973,76.36697890914166,-4.440892098500626e-16,0.0,2.6645352591003757e-15,0.0,0.0,8.344219523670482e-09,-2.4442947665903603e-13,8.502170523172481e-09,6.619836789845124e-09
equilibrium_sigma_6.2,66.0,10.24889646572963,4.027464876749281,2.561300640288165,1.98,2.6821897251378553,2.723688235906843,3.7711465690938275,3.6449002384575597,-0.03440141348128889,-2.1787993021795273,-2.561300640288165,5.474707191921894,2.913406551633729,1.6239936848990415,0.7744653209361394,0.3171124411240167,1.2563606063353585,1.7911465690938275,0.7021897251378553,2.0474648767492813,0.1107344509320755,0.07065668649835163,0.19538554558801466,0.16538554558801466,0.06612577297069193,0.22465646196456746,0.19465646196456746,0.029318321695948057,0.7738955926909535,0.09130002440337916,0.2553855455880147,0.2053855455880147,0.7004681966939045,0.2995318033060955,0.9279651388886155,0.3178470218189503,0.22627887454712534,0.2188330415855947,0.4241195027045103,0.03161782838865905,0.20769526593784723,0.33656740296898335,1.0,0.048263356944627585,0.1611293238711838,1.465946835952377,0.19761714035086203,4.544157341824529,3.5167033393322416,3.6946330654606574,76.201465370086,8.881784197001252e-16,-4.440892098500626e-16,-2.220446049250313e-16,2.220446049250313e-16,0.0,-1.245651378156687e-07,5.9683965825119145e-09,-1.0954148238484507e-07,-8.82437932864244e-08
equilibrium_sigma_6.2,67.0,9.24889646572963,4.147997057748802,2.633713021752472,2.01,2.893279609445209,2.798742047530989,4.012024340568287,3.945052703748033,0.005605139602580911,-2.2440015460759533,-2.633713021752472,5.811610467710918,3.177897445958446,1.7716774090779959,0.45907405544735913,0.544809271470619,1.4218294943882543,2.002024340568287,0.8832796094452093,2.1379970577488026,0.1314280003640017,0.07421374780074631,0.22804592731911275,0.19804592731911275,0.08488704363953016,0.25855060774127026,0.22855060774127026,0.05270573976701165,0.8728664464215539,0.08502302741157784,0.28804592731911277,0.23804592731911278,0.7879484650686331,0.21205153493136686,0.9570134317739465,0.32274774994121747,0.22440270496644707,0.22574883755472058,0.4342534650036064,0.0312038102227919,0.20785310411208133,0.32668962066152035,1.0,0.02880100071145585,0.13582076036741572,1.476554710468963,0.20694553428493767,4.138902800652493,3.6127093796897585,3.41053147733707,76.0447617974836,-8.881784197001252e-16,0.0,-4.551914400963142e-14,0.0,0.0,-1.9491905145496702e-08,1.4146259719183263e-09,-1.5374073014662315e-08,-1.23211311570115e-08
equilibrium_sigma_6.2,68.0,8.24889646572963,4.293050438864397,2.709782905312644,2.04,3.1412138731630193,2.895617014883494,4.291617618768698,4.29091190140813,0.07595239719705216,-2.314610853973262,-2.709782905312644,6.184398673684275,3.474615768371631,1.906843316542958,-0.04206844462826975,0.820669694122883,1.589633101197948,2.251617618768698,1.1012138731630192,2.2530504388643973,0.1603477749689038,0.07793199420024025,0.26952750794730784,0.23952750794730784,0.11012756781890953,0.3025382447141567,0.27253824471415666,0.0908272480759642,0.9985682059009328,0.07804373676200524,0.32952750794730784,0.27952750794730785,0.8753279319572638,0.12467206804273623,0.9788741126017367,0.3264358583518414,0.2228016176313164,0.2382811909702886,0.44175411597411557,0.031087548036653482,0.21064938151032242,0.3165089544789085,1.0,0.014154344556836387,0.11353260420757942,1.4846396031805003,0.21409153946904796,3.7202181216841894,3.714891535330319,2.962915122609992,75.90618912383255,-2.6863400393040138e-11,0.0,-8.659739592076221e-13,0.0,0.0,2.0819270521443833e-07,-9.383627930237282e-09,1.689816536143418e-07,1.1722526958857227e-07
equilibrium_sigma_6.2,69.0,7.248896465729629,4.472685649221308,2.789556022838271,2.07,3.436272783779164,3.0219028226771756,4.621180828986479,4.694320245885743,0.19285066713125865,-2.391049472871723,-2.789556022838271,6.603886622921392,3.814330600083121,2.0128943521603295,-0.8212692061536897,1.1605172696126962,1.753924030006588,2.5511808289864795,1.3662727837791642,2.4026856492213082,0.20122304983821404,0.08160143960175273,0.32282877793650466,0.29282877793650464,0.14406335065306813,0.35869266549859447,0.32869266549859444,0.14529577651023473,1.1600872058681957,0.07034078058009714,0.3828287779365046,0.3328287779365046,0.9444942803150711,0.0555057196849289,0.992164744561028,0.3286781165823928,0.2217488019141023,0.260142556317972,0.4462614763520929,0.031408913423070055,0.2165553146068891,0.30577429561794783,0.9999999999999999,0.005249621144111247,0.09457802139869635,1.4895983948464595,0.21848890250379582,3.2879951973370973,3.81436116138684,2.345215000978385,75.80541001483635,-3.58304497183326e-11,0.0,1.148414696672262e-12,0.0,0.0,3.1152908752662967e-08,8.370529366863444e-09,4.6016549903882265e-08,1.5297147964998814e-08
equilibrium_sigma_6.2,70.0,6.248896465729629,4.700511910477277,2.8730350964465856,2.1,3.7918833885253678,3.187193422501264,5.01327537124596,5.167323045952924,0.3693211143423132,-2.473074850274041,-2.8730350964465856,7.0838155644752,4.210780468028615,2.0823176128551473,-1.9440143772041094,1.5828814247275644,1.9213224322477622,2.9132753712459603,1.6918833885253677,2.600511910477277,0.25706857563874197,0.08545231569875981,0.39117537194063323,0.3611753719406332,0.18830738955801818,0.4277454016632376,0.3977454016632376,0.20815125380213573,1.3671980967897976,0.06250178075832842,0.45117537194063323,0.40117537194063324,0.9824730288724314,0.017526971127568625,0.9979450239128205,0.32965330564722745,0.22127218209432079,0.2955129472843976,0.4482093291102574,0.03237418456314525,0.22459698880487308,0.2948194975217242,0.9999999999999999,0.0013768339784102832,0.0785551575562663,1.4917653930784462,0.22041383691133226,2.8489575279548336,3.895089310054815,1.6477919640750724,75.77448806243676,8.881784197001252e-16,0.0,1.1945999744966684e-13,0.0,0.0,-6.256211632083009e-08,-8.758686965981699e-08,-2.6628815635865166e-07,-4.0927870925688836e-08
equilibrium_sigma_6.2,71.0,5.248896465729629,4.992282096621613,2.960883517849659,2.13,4.224896998873968,3.4022023673776607,5.481888641324977,5.723038133492306,0.6096307770702412,-2.560500237400934,-2.960883517849659,7.641536783947063,4.680653266097404,2.1260981331768742,-3.4182504668322187,2.107281270507116,2.1195323502201373,3.351888641324977,2.094896998873968,2.8622820966216134,0.32934070499071155,0.09059563425299759,0.4784524539316985,0.4484524539316985,0.24364414152749408,0.5126395253851612,0.4826395253851612,0.2729270432721975,1.6316741028233288,0.05552311830912654,0.5384524539316985,0.4884524539316985,0.9961057355681735,0.0038942644318264996,0.9996255419452021,0.32993682530236795,0.22113148200128843,0.3478626140554075,0.44877421697691,0.03423155598131109,0.23248558295699387,0.284508644084785,1.0,0.00025088689671456276,0.0644247202794318,1.4923965944722375,0.22097489612637533,2.413787869962986,3.9385151571276893,1.0189950155015155,75.8385085448364,1.7763568394002505e-15,0.0,1.1035616864774056e-12,-1.1102230246251565e-16,0.0,-4.859474200813452e-08,-2.347620126075256e-08,-1.030019982084518e-07,-3.223626707238303e-08
equilibrium_sigma_6.2,72.0,4.248896465729629,5.365573633270521,3.0552853583530064,2.16,4.757460823819734,3.6787760321396337,6.046548591114729,6.381954167366355,0.9174394298722346,-2.654819445633584,-3.0552853583530064,8.300844187540902,5.245558829187895,2.1593959380420986,-5.252135801758181,2.7561963809950374,2.3890784671239,3.886548591114729,2.597460823819734,3.2055736332705207,0.4209382160986308,0.09895459744420697,0.5920150290197207,0.5620150290197207,0.3119841506010146,0.6217497854255072,0.5917497854255072,0.3446280404162394,1.9758031182415778,0.05008322769136756,0.6520150290197207,0.6020150290197207,0.9993961204507923,0.0006038795492077087,0.999953718460737,0.3299921918564405,0.22110389363270175,0.420520029740655,0.44888445543108924,0.0372407305238964,0.23835280537352105,0.27552200867149335,1.0,3.1008631306213006e-05,0.05134903367218913,1.4925199196868704,0.22108453593760446,1.988762924347632,3.92940398736929,0.550570402367915,75.99577721889881,1.3322676295501878e-15,0.0,1.0458744981178825e-11,0.0,0.0,6.055395726511925e-07,2.0934065012023773e-07,1.0716425079548841e-06,3.967951082151089e-07
equilibrium_sigma_6.2,73.0,3.2488964657296293,5.843352925715827,3.1609253961553256,2.19,5.422841753950945,4.0323162417062495,6.73877065707929,7.179797300885176,1.3047078737653832,-2.760448727732002,-3.1609253961553256,9.098738251233502,5.937812855078176,2.1899387273513398,-7.510207639010364,3.561276058070478,2.782406379131958,4.54877065707929,3.2328417539509453,3.653352925715827,0.5405101716686902,0.11382756100222889,0.7479582495394268,0.7179582495394268,0.39901669607668716,0.7716054514306236,0.7416054514306236,0.43399654566123047,2.448358331937657,0.04649138139519983,0.8079582495394269,0.7579582495394268,0.99993872922847,6.12707715299532e-05,0.9999964330256971,0.329999398216916,0.22110030011288523,0.516651204463804,0.44889880197419774,0.04168997448908883,0.24118617114405558,0.2682250523926578,1.0,2.3898727829607665e-06,0.039005103465890555,1.492535972875525,0.2210988081530192,1.5753397775400202,3.8569962699729237,0.2537673616378184,76.22455622035147,9.50217682316179e-12,0.0,4.0945025148175773e-13,2.220446049250313e-16,0.0,1.4557328242847944e-07,4.746733744953602e-08,2.478485306989242e-07,9.510673432133743e-08
equilibrium_sigma_6.2,74.0,2.2488964657296293,6.4629591425423705,3.2874407847323606,2.2199999999999998,6.279622622490503,4.48764924951977,7.615238362807808,8.182778874281832,1.7973101261524818,-2.8869632539341765,-3.2874407847323606,10.101723907541192,6.814283122808831,2.2199965104726718,-10.345746011781781,4.576538345917735,3.3811437084312597,5.395238362807809,4.059622622490504,4.242959142542371,0.710350271946672,0.14257042563696665,0.9845817810017272,0.9545817810017272,0.5193269543954165,0.9998109692643808,0.9698109692643808,0.5598685235863599,3.1653993363688704,0.04504026521990546,1.0445817810017273,0.9945817810017272,0.9999965104787604,3.4895212396302e-06,0.9999998573963427,0.329999975941383,0.22110001199826168,0.6362747540070967,0.44889995205536076,0.047897114479557884,0.24020674523135963,0.2629961882337218,1.0,9.554445040915736e-08,0.027380389413902178,1.4925372600015812,0.2210999524001887,1.1733368187280233,3.7140795873388464,0.09474730909789908,76.49411472296427,1.0944178896465928e-10,0.0,-2.3726354214659295e-11,0.0,0.0,-3.3582957481570475e-07,-1.0577527992383651e-07,-5.584547629888803e-07,-2.1570427954920035e-07
equilibrium_sigma_6.2,75.0,1.2488964657296293,7.301610661250156,3.4573045262286612,2.25,7.453717851675973,5.095486995237782,8.798764624423635,9.536168815240424,2.4527364236672096,-3.0568269603254468,-3.4573045262286612,11.455114016200525,7.997809489971864,2.2499999214202817,-14.109152244593318,5.917394349527939,4.337567226141359,6.548764624423635,5.203717851675973,5.051610661250156,0.9980344508443952,0.20659789462889475,1.414754210049781,1.384754210049781,0.716383002031351,1.4174907733099928,1.3874907733099928,0.7744434545564616,4.468952151666003,0.04622960542369559,1.474754210049781,1.424754210049781,0.9999999214202846,7.85797154012613e-08,0.999999998048569,0.32999999967077476,0.22110000016418785,0.7711220913947512,0.44889999943549924,0.056057895454594026,0.2345145831229572,0.26052752198694945,1.0,1.3074587812411662e-09,0.016638629633165824,1.492537312397148,0.22109999925704188,0.7819432566038771,3.4944669990806183,0.025542937275788533,76.76660407651842,-2.0252999277659e-10,8.881784197001252e-16,-1.2071570409943888e-09,2.220446049250313e-16,0.0,2.448963560830464e-06,7.34770299798404e-07,3.955564618518537e-06,1.4704149794431132e-06
equilibrium_sigma_6.2,76.0,0.2488964657296293,8.591317478650657,3.7402874788111,2.28,9.323883150460933,6.001856401882731,10.663012586114684,11.683399728596967,3.4430458218997515,-3.339809912365718,-3.7402874788111,13.60234493188068,9.86205745306958,2.279999999756806,-19.857162009509786,7.928013057875203,6.037546659139391,8.383012586114685,7.043883150460934,6.311317478650658,1.7292217813342345,0.4021081480796632,2.5596284190960357,2.529628419096036,1.1808587139281819,2.545623172587126,2.515623172587126,1.309510826050618,7.938267936654653,0.05065439353878999,2.6196284190960357,2.569628419096036,0.9999999997568061,2.431939094549307e-10,0.999999999997403,0.32999999999956187,0.2211000000002185,0.900694684347393,0.44890000006695197,0.06489403771830697,0.22413224087823302,0.2620737213365079,0.9999999999999998,1.740012578466121e-12,0.007154836164959914,1.4925373132063535,0.2210999999313079,0.3981729957606972,3.160803925488872,0.003524512824381625,76.99453295755421,-1.5108936324281785e-10,8.881784197001252e-16,-8.443432797378136e-08,0.0,0.0,-1.0886007313581914e-05,-2.4074345896241134e-06,-1.4398562745210342e-05,-3.3931789331642648e-06
equilibrium_sigma_6.2,76.24889646572963,0.0,9.072126392019312,3.8540094119994586,2.2874668939718887,10.038727274427789,6.324332167564984,11.374711485013297,12.50882056066705,3.802437146577141,-3.4535318455376505,-3.8540094119994586,14.427765763953605,10.573756351954147,2.2874668939432383,-21.988394030865035,8.654265599013499,6.702921692850174,9.087244591041408,7.7512603804559,6.784659498047423,2.1735531178717116,0.5213059815826953,3.2399999999997986,3.209999999999799,1.426151111770511,3.2319622281746274,3.2019622281746276,1.5909407670758853,9.999999999999389,0.05213059815827271,3.2999999999997986,3.249999999999799,0.9999999999713498,2.8650193328871865e-11,0.9999999999997833,0.3299999999999635,0.22110000000001828,0.9285324320825233,0.44890000006064684,0.06584538834311335,0.22235531178718473,0.262899299809055,1.0,1.4519940805257646e-13,0.0050680079672011605,1.49253731323087,0.22109999993920787,0.3022895622895802,3.0228956228956174,0.001717649134934231,77.03838337461957,-1.3526246789297147e-10,0.0,1.4143642133035428e-06,-2.220446049250313e-16,0.0,0.0,1.1102230246251565e-16,0.0,0.0
