countrycode,country,year,cn,cgdpo,pl_n,pl_gdpo
ABW,Aruba,2019,20307.86328125,3765.761962890625,0.7180242538452148,0.9017560482025146
AGO,Angola,2019,1174152.875,236096.609375,0.20433863997459412,0.3521301746368408
AIA,Anguilla,2019,3364.373046875,327.9708251953125,0.6070473194122314,1.157548189163208
ALB,Albania,2019,231582.15625,40734.84375,0.26456522941589355,0.3780994415283203
ARE,United Arab Emirates,2019,4294786.5,752255.9375,0.26580509543418884,0.5556482076644897
ARG,Argentina,2019,4035455.0,1106826.125,0.3171018362045288,0.4045392870903015
ARM,Armenia,2019,164010.59375,51704.39453125,0.2430715709924698,0.26340681314468384
ATG,Antigua and Barbuda,2019,16001.7060546875,1957.5743408203125,0.4855518639087677,0.8812870979309082
AUS,Australia,2019,7240472.0,1502756.5,0.845067024230957,0.9167043566703796
AUT,Austria,2019,3128627.25,549661.875,0.5741174817085266,0.8059201240539551
AZE,Azerbaijan,2019,360851.9375,178794.984375,0.2624795138835907,0.26943838596343994
BDI,Burundi,2019,22611.150390625,12256.3935546875,0.26223674416542053,0.2748388648033142
BEL,Belgium,2019,3690956.5,605936.6875,0.519772469997406,0.8857795000076294
BEN,Benin,2019,97367.375,42041.625,0.2746889591217041,0.34229665994644165
BFA,Burkina Faso,2019,85137.9296875,47548.3984375,0.2642829120159149,0.33718931674957275
BGD,Bangladesh,2019,3731504.5,1043530.375,0.2275812029838562,0.3348955810070038
BGR,Bulgaria,2019,477210.59375,171166.84375,0.2949404716491699,0.4009772539138794
BHR,Bahrain,2019,424292.59375,87968.7734375,0.29340749979019165,0.4394027292728424
BHS,Bahamas,2019,77381.890625,12953.9052734375,0.5605432391166687,1.0048085451126099
BIH,Bosnia and Herzegovina,2019,173311.484375,53723.70703125,0.24647706747055054,0.38125815987586975
BLR,Belarus,2019,938820.5,237203.484375,0.25515615940093994,0.2715396583080292
BLZ,Belize,2019,11191.12109375,3948.260009765625,0.37598860263824463,0.6085079312324524
BMU,Bermuda,2019,11881.6240234375,3759.41064453125,0.9422301650047302,1.9746350049972534
BOL,Bolivia (Plurinational State of),2019,283571.6875,110598.5546875,0.23925013840198517,0.36976358294487
BRA,Brazil,2019,15489833.0,3518448.5,0.28513872623443604,0.5324187874794006
BRB,Barbados,2019,25161.486328125,3158.186279296875,0.5748420357704163,1.8327884674072266
BRN,Brunei Darussalam,2019,229846.9375,35759.4609375,0.2661281228065491,0.3766622543334961
BTN,Bhutan,2019,72202.859375,10745.384765625,0.1995706409215927,0.2545914947986603
BWA,Botswana,2019,161149.609375,40213.16015625,0.28761962056159973,0.4151875376701355
CAF,Central African Republic,2019,39371.8671875,5371.67822265625,0.2737688720226288,0.413520872592926
CAN,Canada,2019,9715520.0,1996845.75,0.7057037949562073,0.8732397556304932
CHE,Switzerland,2019,3202209.5,718392.0625,0.7951085567474365,1.0042105913162231
CHL,Chile,2019,1989420.75,495794.46875,0.42334112524986267,0.5610784292221069
CHN,China,2019,122076544.0,25413962.0,0.3726043701171875,0.5618945956230164
CIV,Côte d'Ivoire,2019,359762.625,157867.703125,0.2670230567455292,0.3824910521507263
CMR,Cameroon,2019,248801.078125,116528.3046875,0.2961367070674896,0.34044066071510315
COD,D.R. of the Congo,2019,484705.125,97892.6796875,0.34553101658821106,0.4833827018737793
COG,Congo,2019,209226.53125,34558.60546875,0.36597779393196106,0.40443289279937744
COL,Colombia,2019,2624349.0,797424.1875,0.35967904329299927,0.4050939083099365
COM,Comoros,2019,13305.9951171875,2895.488037109375,0.28281936049461365,0.4127178192138672
CPV,Cabo Verde,2019,22759.005859375,4955.49072265625,0.34619855880737305,0.4544811248779297
CRI,Costa Rica,2019,341018.78125,119441.71875,0.3706282079219818,0.5393229722976685
CUW,Curaçao,2019,,3934.68115234375,,0.7690899968147278
CYM,Cayman Islands,2019,17204.35546875,4433.072265625,0.7160347104072571,1.3403562307357788
CYP,Cyprus,2019,228436.5625,33417.95703125,0.3808155655860901,0.7839111089706421
CZE,Czechia,2019,2742330.75,471372.15625,0.3748389482498169,0.5447801351547241
DEU,Germany,2019,20058936.0,5001099.0,0.8043765425682068,0.7912675738334656
DJI,Djibouti,2019,17513.859375,6675.07177734375,0.3759192228317261,0.46274444460868835
DMA,Dominica,2019,3853.1484375,999.2296752929688,0.4310274124145508,0.6120083928108215
DNK,Denmark,2019,1776820.0,348037.46875,0.6800925135612488,0.9924259781837463
DOM,Dominican Republic,2019,994433.6875,225199.328125,0.25491103529930115,0.39494508504867554
DZA,Algeria,2019,2663982.5,581660.0625,0.2930620312690735,0.30840611457824707
ECU,Ecuador,2019,1198505.875,226698.546875,0.2869117856025696,0.4746206998825073
EGY,Egypt,2019,2491935.5,1611763.875,0.2433805912733078,0.20702753961086273
ESP,Spain,2019,12985419.0,2123809.75,0.41710683703422546,0.6608389616012573
EST,Estonia,2019,256818.640625,52125.515625,0.40040838718414307,0.611480712890625
ETH,Ethiopia,2019,708653.1875,281848.375,0.323712021112442,0.32841023802757263
FIN,Finland,2019,1561393.0,281572.53125,0.7331076860427856,0.9482985138893127
FJI,Fiji,2019,31553.775390625,12859.1591796875,0.2754529118537903,0.42338746786117554
FRA,France,2019,20935254.0,3453190.75,0.5564395189285278,0.7884862422943115
GAB,Gabon,2019,83836.4140625,38287.0234375,0.33508116006851196,0.44073429703712463
GBR,United Kingdom,2019,16212461.0,3327963.0,0.5396159291267395,0.8568025231361389
GEO,Georgia,2019,376275.3125,73538.8046875,0.16970036923885345,0.23994189500808716
GHA,Ghana,2019,546803.4375,189985.125,0.2923898696899414,0.35970166325569153
GIN,Guinea,2019,72458.7578125,40234.64453125,0.33031678199768066,0.3341127336025238
GMB,Gambia,2019,13202.0712890625,6517.6015625,0.3137477934360504,0.2782634496688843
GNB,Guinea-Bissau,2019,7766.1162109375,4304.92919921875,0.262702077627182,0.31715497374534607
GNQ,Equatorial Guinea,2019,127861.6953125,35150.99609375,0.32524317502975464,0.3232946991920471
GRC,Greece,2019,2619784.75,321808.96875,0.367631733417511,0.6441885232925415
GRD,Grenada,2019,7750.13037109375,1843.6553955078125,0.5208997130393982,0.6581951379776001
GTM,Guatemala,2019,665944.625,179998.15625,0.24988940358161926,0.428739458322525
GUY,Guyana,2019,,12085.8779296875,,0.42808306217193604
HKG,"China, Hong Kong SAR",2019,2563987.0,449856.4375,0.5728816390037537,0.8070897459983826
HND,Honduras,2019,266064.71875,60565.84765625,0.2456696331501007,0.4108293056488037
HRV,Croatia,2019,707138.875,129232.921875,0.2788710594177246,0.48336857557296753
HTI,Haiti,2019,271795.625,35096.5859375,0.28391700983047485,0.40076127648353577
HUN,Hungary,2019,1834316.5,322288.53125,0.33004456758499146,0.5117670893669128
IDN,Indonesia,2019,21104994.0,3422708.0,0.18115264177322388,0.32696327567100525
IND,India,2019,39333124.0,10471326.0,0.18288706243038177,0.27263012528419495
IRL,Ireland,2019,2164057.5,565250.6875,0.5063441395759583,0.7202553153038025
IRN,Iran (Islamic Republic of),2019,9252743.0,1326975.0,0.1862645298242569,0.23533320426940918
IRQ,Iraq,2019,1198175.0,562611.125,0.33790192008018494,0.41527101397514343
ISL,Iceland,2019,121956.7265625,21034.923828125,0.7647854089736938,1.1733505725860596
ISR,Israel,2019,1301774.875,348039.3125,0.8312643766403198,1.1519979238510132
ITA,Italy,2019,18839938.0,2799146.0,0.4353668987751007,0.7215082049369812
JAM,Jamaica,2019,187192.15625,26711.626953125,0.4604867994785309,0.5926543474197388
JOR,Jordan,2019,504134.65625,108629.4375,0.312572717666626,0.40967676043510437
JPN,Japan,2019,29447664.0,5486908.0,0.8870870471000671,0.9327645897865295
KAZ,Kazakhstan,2019,1508499.5,593499.0625,0.27754735946655273,0.3060951232910156
KEN,Kenya,2019,637607.1875,264962.21875,0.28089427947998047,0.37884053587913513
KGZ,Kyrgyzstan,2019,146832.34375,44114.6328125,0.20227369666099548,0.21243005990982056
KHM,Cambodia,2019,362850.75,102758.8515625,0.2021365910768509,0.3501714766025543
KNA,Saint Kitts and Nevis,2019,12767.4248046875,1387.871337890625,0.5094662308692932,0.7982407212257385
KOR,Republic of Korea,2019,13151834.0,2612106.0,0.4670562148094177,0.670357882976532
KWT,Kuwait,2019,848094.125,262155.25,0.32796069979667664,0.5373011827468872
LAO,Lao People's DR,2019,211606.328125,58587.96875,0.21514853835105896,0.31987130641937256
LBN,Lebanon,2019,777105.0,149978.015625,0.1843404620885849,0.3550478518009186
LBR,Liberia,2019,25231.689453125,10420.4189453125,0.26299652457237244,0.3034663200378418
LCA,Saint Lucia,2019,16637.46484375,3488.430908203125,0.4509570002555847,0.6006552577018738
LKA,Sri Lanka,2019,1034143.875,332869.53125,0.2159438580274582,0.2674170136451721
LSO,Lesotho,2019,28581.67578125,6017.94970703125,0.3002621531486511,0.3972618877887726
LTU,Lithuania,2019,434925.5625,105371.4609375,0.3651740550994873,0.5231214165687561
LUX,Luxembourg,2019,291549.71875,61454.0390625,0.5782114863395691,1.137280821800232
LVA,Latvia,2019,521957.59375,60712.98046875,0.38565364480018616,0.5451799631118774
MAC,"China, Macao SAR",2019,229520.828125,67401.1875,0.5182414054870605,0.8172302842140198
MAR,Morocco,2019,1439271.25,315212.65625,0.25994330644607544,0.40899455547332764
MDA,Republic of Moldova,2019,117109.4765625,42860.99609375,0.2689184844493866,0.2738339602947235
MDG,Madagascar,2019,114503.5,47928.37890625,0.28237032890319824,0.29428625106811523
MDV,Maldives,2019,77022.2109375,13083.0625,0.24185810983181,0.43767237663269043
MEX,Mexico,2019,11289543.0,2589388.25,0.45334455370903015,0.5036348104476929
MKD,North Macedonia,2019,172672.0625,38654.3828125,0.22367043793201447,0.32612958550453186
MLI,Mali,2019,80174.1640625,53216.91796875,0.30769890546798706,0.32471346855163574
MLT,Malta,2019,67207.1953125,21655.953125,0.42568325996398926,0.7544268369674683
MMR,Myanmar,2019,861099.875,341293.03125,0.16102607548236847,0.21038295328617096
MNE,Montenegro,2019,53045.11328125,15899.4169921875,0.27602025866508484,0.34857890009880066
MNG,Mongolia,2019,193279.53125,43627.33203125,0.21396629512310028,0.3256295621395111
MOZ,Mozambique,2019,202906.890625,46566.1640625,0.2806699872016907,0.333133727312088
MRT,Mauritania,2019,106496.65625,25638.521484375,0.2840164005756378,0.30792587995529175
MSR,Montserrat,2019,1190.841552734375,102.71118927001953,0.5935688614845276,0.6551271080970764
MUS,Mauritius,2019,109798.890625,32598.982421875,0.32912716269493103,0.44284653663635254
MWI,Malawi,2019,33079.1953125,30223.419921875,0.3567817509174347,0.3656717836856842
MYS,Malaysia,2019,3862533.25,937316.8125,0.21909920871257782,0.389599084854126
NAM,Namibia,2019,103928.75,25468.6484375,0.2931027114391327,0.4924358129501343
NER,Niger,2019,152550.015625,33840.3515625,0.2772497832775116,0.38168808817863464
NGA,Nigeria,2019,6125918.5,1185539.875,0.38532277941703796,0.4002533257007599
NIC,Nicaragua,2019,184460.765625,39269.03515625,0.24674299359321594,0.3233851492404938
NLD,Netherlands,2019,4964761.5,1102079.75,0.6231722831726074,0.8428635597229004
NOR,Norway,2019,2082422.0,460949.53125,0.7667508125305176,0.8867409825325012
NPL,Nepal,2019,442938.625,138573.25,0.20509086549282074,0.2472933977842331
NZL,New Zealand,2019,688867.0,224138.75,1.0404759645462036,0.9496211409568787
OMN,Oman,2019,1026016.625,189232.15625,0.2703210413455963,0.46535927057266235
PAK,Pakistan,2019,2047767.625,1279744.25,0.18086093664169312,0.22810712456703186
PAN,Panama,2019,636516.5,146851.890625,0.34930169582366943,0.4747762978076935
PER,Peru,2019,1830021.875,450548.28125,0.31167367100715637,0.5067732930183411
PHL,Philippines,2019,3545403.5,1066344.375,0.23302008211612701,0.35337868332862854
POL,Poland,2019,3470956.0,1373038.0,0.3427536189556122,0.43894174695014954
PRT,Portugal,2019,2829080.5,364713.8125,0.3649851977825165,0.6583681702613831
PRY,Paraguay,2019,364996.28125,97938.09375,0.2919754981994629,0.3872378170490265
PSE,State of Palestine,2019,143225.6875,40951.6484375,0.38668203353881836,0.4183836281299591
QAT,Qatar,2019,1687084.375,337431.03125,0.3068837821483612,0.5226883292198181
ROU,Romania,2019,1939269.875,615826.375,0.2721603512763977,0.40868183970451355
RUS,Russian Federation,2019,28225418.0,4901255.0,0.29447489976882935,0.3454451858997345
RWA,Rwanda,2019,61006.95703125,33120.62890625,0.3142644762992859,0.3124847114086151
SAU,Saudi Arabia,2019,6124377.0,1844770.625,0.29311200976371765,0.45456308126449585
SDN,Sudan,2019,512229.71875,243129.234375,0.13258570432662964,0.144445538520813
SEN,Senegal,2019,191785.78125,61305.69921875,0.27405068278312683,0.3817588686943054
SGP,Singapore,2019,2312999.5,539802.75,0.39753156900405884,0.6982207894325256
SLE,Sierra Leone,2019,23015.908203125,20949.166015625,0.40004855394363403,0.31140032410621643
SLV,El Salvador,2019,279943.6875,61019.30078125,0.23441153764724731,0.4405349791049957
SOM,Somalia,2019,,24054.0,,0.359815388917923
SRB,Serbia,2019,662141.8125,137489.96875,0.26933643221855164,0.37467625737190247
SSD,South Sudan,2019,,10586.564453125,,0.4057028591632843
STP,Sao Tome and Principe,2019,2623.595947265625,1265.1922607421875,0.32198667526245117,0.34036970138549805
SUR,Suriname,2019,53316.06640625,11043.19921875,0.2609367370605469,0.38528743386268616
SVK,Slovakia,2019,845264.125,152103.390625,0.3893555998802185,0.6958653926849365
SVN,Slovenia,2019,542526.375,81323.125,0.35409799218177795,0.6629101037979126
SWE,Sweden,2019,2894729.75,598871.0,0.7003872394561768,0.8886208534240723
SWZ,Eswatini,2019,27780.34765625,10544.353515625,0.27481621503829956,0.42631983757019043
SXM,Sint Maarten (Dutch part),2019,,1721.633056640625,,0.847902238368988
SYC,Seychelles,2019,12680.9267578125,3285.005126953125,0.37810447812080383,0.5688806772232056
SYR,Syrian Arab Republic,2019,62034.625,96974.7109375,0.33095505833625793,0.291955828666687
TCA,Turks and Caicos Islands,2019,4326.4990234375,743.3527221679688,0.7152265310287476,1.6108300685882568
TCD,Chad,2019,92585.890625,39928.94140625,0.2990565001964569,0.37443971633911133
TGO,Togo,2019,63281.078125,20633.798828125,0.2572653293609619,0.33889317512512207
THA,Thailand,2019,5462679.5,1442812.5,0.22582896053791046,0.3770250678062439
TJK,Tajikistan,2019,596777.3125,40611.66015625,0.19629976153373718,0.20439483225345612
TKM,Turkmenistan,2019,770114.0625,137343.046875,0.26568350195884705,0.32934215664863586
TTO,Trinidad and Tobago,2019,192515.015625,41855.1796875,0.36566948890686035,0.5635631680488586
TUN,Tunisia,2019,475949.0625,163343.75,0.23657074570655823,0.256548672914505
TUR,Türkiye,2019,8896799.0,2375165.75,0.22623854875564575,0.3204011917114258
TWN,Taiwan,2019,5214267.5,1248572.125,0.3434096872806549,0.48962831497192383
TZA,U.R. of Tanzania: Mainland,2019,447530.8125,170548.203125,0.3450811207294464,0.34475424885749817
UGA,Uganda,2019,276489.28125,118570.5859375,0.28525984287261963,0.31858450174331665
UKR,Ukraine,2019,9261586.0,635106.125,0.15715309977531433,0.24229499697685242
URY,Uruguay,2019,354294.65625,88418.5234375,0.4970851540565491,0.7037258148193359
USA,United States,2019,75565128.0,22820462.0,0.9173009991645813,0.9438896775245667
UZB,Uzbekistan,2019,1386789.875,277656.0625,0.08492998033761978,0.21711573004722595
VCT,St. Vincent and the Grenadines,2019,10827.1806640625,1539.48291015625,0.3924148976802826,0.591420590877533
VEN,Venezuela (Bolivarian Republic of),2019,134853.34375,16038.05859375,24.6396427154541,9.306339263916016
VGB,British Virgin Islands,2019,4878.4365234375,1466.470458984375,0.9622989296913147,1.032158374786377
VNM,Viet Nam,2019,3495883.25,1090445.625,0.2030310034751892,0.30663174390792847
YEM,Yemen,2019,576275.75,40073.21484375,0.11882954090833664,0.3239124119281769
ZAF,South Africa,2019,3077501.5,836385.875,0.2856239974498749,0.4654908776283264
ZMB,Zambia,2019,286285.28125,60398.01171875,0.2965553402900696,0.3859281539916992
ZWE,Zimbabwe,2019,83138.546875,44792.2890625,0.3392679989337921,0.5044287443161011
ABW,Aruba,2021,22440.20703125,4026.3525390625,0.6881176233291626,0.7275683283805847
AGO,Angola,2021,683729.4375,215422.875,0.18307501077651978,0.3245045840740204
AIA,Anguilla,2021,3975.534912109375,268.6329345703125,0.5368198752403259,1.1362287998199463
ALB,Albania,2021,242758.09375,42296.04296875,0.2895571291446686,0.4239300787448883
ARE,United Arab Emirates,2021,5493170.0,711028.125,0.2952948808670044,0.5839133262634277
ARG,Argentina,2021,4714402.5,1176311.0,0.31499573588371277,0.41363561153411865
ARM,Armenia,2021,239942.453125,50131.19921875,0.19452783465385437,0.2768518924713135
ATG,Antigua and Barbuda,2021,18469.47265625,2511.56103515625,0.4429185092449188,0.6376438736915588
AUS,Australia,2021,7691365.5,1639789.75,0.9611144065856934,1.0675245523452759
AUT,Austria,2021,3146882.0,552159.5,0.6688747406005859,0.8701598644256592
AZE,Azerbaijan,2021,493571.0625,199111.3125,0.20207951962947845,0.27535057067871094
BDI,Burundi,2021,28384.6640625,12783.431640625,0.25730982422828674,0.2927539050579071
BEL,Belgium,2021,3814143.5,642660.375,0.5800792574882507,0.9312757253646851
BEN,Benin,2021,125896.8984375,44400.8828125,0.2927018404006958,0.39836201071739197
BFA,Burkina Faso,2021,99150.890625,51092.96875,0.28026282787323,0.3855230212211609
BGD,Bangladesh,2021,4679440.5,1227560.25,0.22058600187301636,0.33799317479133606
BGR,Bulgaria,2021,508341.59375,182690.359375,0.34108126163482666,0.46206119656562805
BHR,Bahrain,2021,462206.4375,83350.4453125,0.286308616399765,0.47051721811294556
BHS,Bahamas,2021,78775.28125,10745.0849609375,0.5849765539169312,1.058058261871338
BIH,Bosnia and Herzegovina,2021,170671.40625,55077.03515625,0.2859971523284912,0.42981091141700745
BLR,Belarus,2021,1373106.5,260045.796875,0.18495120108127594,0.2679288387298584
BLZ,Belize,2021,12674.283203125,4346.45703125,0.38445013761520386,0.5597861409187317
BMU,Bermuda,2021,12360.490234375,3989.22265625,0.9701874852180481,1.8272955417633057
BOL,Bolivia (Plurinational State of),2021,332737.75,110758.1328125,0.2196420282125473,0.36481398344039917
BRA,Brazil,2021,16418747.0,3671084.75,0.25865864753723145,0.45508280396461487
BRB,Barbados,2021,25647.359375,2634.298583984375,0.6315798759460449,2.0025227069854736
BRN,Brunei Darussalam,2021,279431.59375,37563.66796875,0.24622255563735962,0.3728735148906708
BTN,Bhutan,2021,72469.9921875,10795.4912109375,0.2171960473060608,0.2564777433872223
BWA,Botswana,2021,180652.625,41096.70703125,0.3161938786506653,0.4562639594078064
CAF,Central African Republic,2021,45266.39453125,5952.189453125,0.2745763063430786,0.42278537154197693
CAN,Canada,2021,10147049.0,2064151.0,0.8258427381515503,0.972541332244873
CHE,Switzerland,2021,3608992.0,770974.375,0.8281682729721069,1.0575051307678223
CHL,Chile,2021,1868156.5,504465.4375,0.5007150769233704,0.625705897808075
CHN,China,2021,148589856.0,28653542.0,0.40990233421325684,0.6219286918640137
CIV,Côte d'Ivoire,2021,390001.125,167492.09375,0.28044530749320984,0.4346153438091278
CMR,Cameroon,2021,288860.78125,128488.5625,0.30147498846054077,0.35031858086586
COD,D.R. of the Congo,2021,235951.5625,102406.328125,0.31822437047958374,0.5160797238349915
COG,Congo,2021,297025.1875,36418.1640625,0.3295856714248657,0.3674054443836212
COL,Colombia,2021,2882305.0,837966.375,0.3362296223640442,0.3801162540912628
COM,Comoros,2021,16359.66796875,2895.248779296875,0.2781740427017212,0.447660893201828
CPV,Cabo Verde,2021,22812.703125,4233.982421875,0.3415124714374542,0.48461297154426575
CRI,Costa Rica,2021,401313.125,120385.2265625,0.33492323756217957,0.5396071076393127
CUW,Curaçao,2021,,3703.009765625,,0.7398291230201721
CYM,Cayman Islands,2021,20563.05078125,4543.04345703125,0.7028841376304626,1.3339133262634277
CYP,Cyprus,2021,227142.625,32400.568359375,0.43875136971473694,0.9374184608459473
CZE,Czechia,2021,2765371.0,470836.03125,0.43236592411994934,0.6179916262626648
DEU,Germany,2021,20509570.0,5043287.0,0.9203757643699646,0.8621951341629028
DJI,Djibouti,2021,23400.328125,6646.77685546875,0.330851674079895,0.5093663334846497
DMA,Dominica,2021,5246.40966796875,980.7449951171875,0.35459280014038086,0.5661682486534119
DNK,Denmark,2021,1909466.125,380996.625,0.7160641551017761,1.0718683004379272
DOM,Dominican Republic,2021,1202378.125,244760.796875,0.2671855688095093,0.3850429952144623
DZA,Algeria,2021,2659781.75,622585.875,0.2753576338291168,0.29912611842155457
ECU,Ecuador,2021,1414991.875,240372.859375,0.25942859053611755,0.44695189595222473
EGY,Egypt,2021,2932152.5,1792245.25,0.2653578817844391,0.23763830959796906
ESP,Spain,2021,13126397.0,2005026.75,0.4649924635887146,0.7287907600402832
EST,Estonia,2021,282763.1875,55144.55859375,0.42881470918655396,0.6746733784675598
ETH,Ethiopia,2021,779446.875,350425.375,0.31663545966148376,0.28325608372688293
FIN,Finland,2021,1786506.25,292107.03125,0.7352219820022583,1.00724458694458
FJI,Fiji,2021,31235.7734375,9718.033203125,0.282246857881546,0.44299405813217163
FRA,France,2021,20642360.0,3428344.5,0.640533447265625,0.8652670979499817
GAB,Gabon,2021,95827.078125,45881.0703125,0.32035031914711,0.4238112270832062
GBR,United Kingdom,2021,16572071.0,3328641.0,0.6073622107505798,0.9443262219429016
GEO,Georgia,2021,409189.75,76675.71875,0.17757940292358398,0.24583150446414948
GHA,Ghana,2021,564574.375,199613.78125,0.298328697681427,0.3983914256095886
GIN,Guinea,2021,75756.6015625,45835.22265625,0.33318695425987244,0.35488006472587585
GMB,Gambia,2021,16132.6279296875,7041.86767578125,0.3141978085041046,0.29096120595932007
GNB,Guinea-Bissau,2021,7217.20556640625,4642.349609375,0.2815552353858948,0.34056657552719116
GNQ,Equatorial Guinea,2021,119601.7421875,35296.953125,0.3562002182006836,0.346088707447052
GRC,Greece,2021,2566738.25,319047.96875,0.3980017900466919,0.6842350959777832
GRD,Grenada,2021,8628.837890625,1637.9874267578125,0.5146222114562988,0.6854873895645142
GTM,Guatemala,2021,809323.3125,204554.9375,0.23903852701187134,0.4227658212184906
GUY,Guyana,2021,,17044.201171875,,0.4719792306423187
HKG,"China, Hong Kong SAR",2021,2487502.0,440061.6875,0.580117404460907,0.8384146094322205
HND,Honduras,2021,278521.75,63891.59375,0.26695579290390015,0.44050133228302
HRV,Croatia,2021,717594.4375,130916.0078125,0.3052492141723633,0.5279784798622131
HTI,Haiti,2021,454898.65625,35630.4609375,0.4122731387615204,0.5344791412353516
HUN,Hungary,2021,1954814.875,331579.5,0.3722743093967438,0.5527217984199524
IDN,Indonesia,2021,23252202.0,3435082.0,0.18523788452148438,0.34540942311286926
IND,India,2021,45347308.0,11613513.0,0.18823106586933136,0.27488449215888977
IRL,Ireland,2021,2331310.0,686363.25,0.5514681339263916,0.7740893959999084
IRN,Iran (Islamic Republic of),2021,8634985.0,1288334.375,0.25819846987724304,0.27790600061416626
IRQ,Iraq,2021,1684056.625,584104.0625,0.24042867124080658,0.35557296872138977
ISL,Iceland,2021,139516.640625,21015.16015625,0.7454932928085327,1.2288885116577148
ISR,Israel,2021,1331354.625,372511.9375,1.0013856887817383,1.322363018989563
ITA,Italy,2021,19507172.0,2849701.25,0.466951459646225,0.7647144794464111
JAM,Jamaica,2021,162469.921875,26265.3515625,0.4221697747707367,0.5580577850341797
JOR,Jordan,2021,712435.1875,108329.875,0.3016374111175537,0.42736226320266724
JPN,Japan,2021,29706136.0,5380121.5,0.9169139862060547,0.9357820749282837
KAZ,Kazakhstan,2021,2079950.625,630699.375,0.224179208278656,0.31252965331077576
KEN,Kenya,2021,652297.1875,284741.9375,0.3051507771015167,0.3852739632129669
KGZ,Kyrgyzstan,2021,207528.625,46861.0703125,0.13723653554916382,0.19737350940704346
KHM,Cambodia,2021,444840.0,101935.984375,0.18904483318328857,0.3547664284706116
KNA,Saint Kitts and Nevis,2021,12376.4970703125,1052.948974609375,0.4862532317638397,0.8154453039169312
KOR,Republic of Korea,2021,13986308.0,2795993.5,0.506403386592865,0.694677472114563
KWT,Kuwait,2021,840710.25,255901.6875,0.3693433701992035,0.5801416635513306
LAO,Lao People's DR,2021,234249.328125,57733.046875,0.22326509654521942,0.3303891122341156
LBN,Lebanon,2021,492057.59375,74459.25,0.36308977007865906,0.3313640356063843
LBR,Liberia,2021,20418.365234375,9356.5078125,0.3660757839679718,0.4408475458621979
LCA,Saint Lucia,2021,19231.822265625,3380.680908203125,0.4217141270637512,0.5523104071617126
LKA,Sri Lanka,2021,1074620.875,323288.09375,0.21101497113704681,0.2740878164768219
LSO,Lesotho,2021,24958.541015625,5164.2880859375,0.3531450033187866,0.46707892417907715
LTU,Lithuania,2021,491462.84375,116447.21875,0.39705443382263184,0.5756885409355164
LUX,Luxembourg,2021,306598.4375,64977.2421875,0.6570286750793457,1.317139744758606
LVA,Latvia,2021,504702.3125,62903.24609375,0.4479242265224457,0.6070454120635986
MAC,"China, Macao SAR",2021,235039.28125,28891.734375,0.5614829063415527,1.0719099044799805
MAR,Morocco,2021,1325512.75,325917.53125,0.3299388885498047,0.4357607364654541
MDA,Republic of Moldova,2021,155147.265625,45833.52734375,0.23789289593696594,0.29873043298721313
MDG,Madagascar,2021,139624.59375,47051.29296875,0.28690871596336365,0.3050868809223175
MDV,Maldives,2021,81650.0390625,10144.619140625,0.31487056612968445,0.5177580118179321
MEX,Mexico,2021,10393107.0,2510266.25,0.5425745844841003,0.524474024772644
MKD,North Macedonia,2021,172719.5625,39606.5859375,0.28035682439804077,0.35348373651504517
MLI,Mali,2021,83201.1875,51167.46875,0.35726115107536316,0.3773777484893799
MLT,Malta,2021,79427.125,24207.162109375,0.4529987871646881,0.8144959211349487
MMR,Myanmar,2021,1280550.125,428511.25,0.17841118574142456,0.22774381935596466
MNE,Montenegro,2021,55045.6328125,14813.5634765625,0.31815609335899353,0.39562496542930603
MNG,Mongolia,2021,211116.484375,43592.58203125,0.2309114634990692,0.3506662845611572
MOZ,Mozambique,2021,233400.296875,46434.015625,0.27985185384750366,0.34819427132606506
MRT,Mauritania,2021,106782.453125,25934.9453125,0.33210307359695435,0.3556027114391327
MSR,Montserrat,2021,945.1929931640625,104.77613830566406,0.65981525182724,0.6732873320579529
MUS,Mauritius,2021,117906.671875,29899.67578125,0.30687445402145386,0.38409608602523804
MWI,Malawi,2021,26412.833984375,36557.078125,0.3308878242969513,0.33859705924987793
MYS,Malaysia,2021,4084713.5,940874.5625,0.22125189006328583,0.39732417464256287
NAM,Namibia,2021,112364.0546875,26294.2578125,0.2810652554035187,0.4716804027557373
NER,Niger,2021,158643.03125,37660.35546875,0.3020247220993042,0.3960399031639099
NGA,Nigeria,2021,10090135.0,1113843.375,0.3355700671672821,0.3940642774105072
NIC,Nicaragua,2021,237416.71875,46532.21875,0.20918148756027222,0.3039625883102417
NLD,Netherlands,2021,5506097.5,1201645.375,0.6560912132263184,0.8775236010551453
NOR,Norway,2021,2174866.0,528298.0625,0.7963110208511353,0.9528106451034546
NPL,Nepal,2021,485373.5625,141524.203125,0.20075970888137817,0.26033815741539
NZL,New Zealand,2021,703719.4375,233868.359375,1.2511688470840454,1.0845592021942139
OMN,Oman,2021,1370707.75,201159.015625,0.23644357919692993,0.4341038763523102
PAK,Pakistan,2021,2057290.125,1318652.125,0.2116343080997467,0.2599250376224518
PAN,Panama,2021,762250.6875,136270.671875,0.3262721300125122,0.49465304613113403
PER,Peru,2021,2149082.25,478283.96875,0.27969980239868164,0.47326335310935974
PHL,Philippines,2021,4124357.75,1020730.875,0.23375137150287628,0.38608354330062866
POL,Poland,2021,3630236.0,1457955.25,0.3634655475616455,0.472696453332901
PRT,Portugal,2021,2738337.75,347459.0,0.4408787786960602,0.7369384169578552
PRY,Paraguay,2021,443667.28125,99247.640625,0.26991069316864014,0.4025375545024872
PSE,State of Palestine,2021,160232.21875,37669.5859375,0.40889251232147217,0.48073264956474304
QAT,Qatar,2021,1681213.0,327594.90625,0.3147386908531189,0.54864102602005
ROU,Romania,2021,2114499.5,623578.0,0.3157501220703125,0.4595707654953003
RUS,Russian Federation,2021,38930708.0,5514912.0,0.21063418686389923,0.3342558443546295
RWA,Rwanda,2021,75328.2578125,37184.625,0.28864383697509766,0.29767441749572754
SAU,Saudi Arabia,2021,7761615.5,1873030.125,0.2803516089916229,0.46670693159103394
SDN,Sudan,2021,400609.9375,148975.609375,0.2016908973455429,0.23621176183223724
SEN,Senegal,2021,248040.21875,68516.0,0.2726857662200928,0.4016694724559784
SGP,Singapore,2021,2437333.25,581491.5625,0.4202544391155243,0.7465481162071228
SLE,Sierra Leone,2021,31214.62890625,21826.626953125,0.3707278370857239,0.3282786011695862
SLV,El Salvador,2021,330467.625,67252.234375,0.23221421241760254,0.4318540096282959
SOM,Somalia,2021,,24011.724609375,,0.3949737548828125
SRB,Serbia,2021,682113.1875,141676.09375,0.30298125743865967,0.4453895092010498
SSD,South Sudan,2021,,10680.478515625,,0.4017033576965332
STP,Sao Tome and Principe,2021,3617.71923828125,1428.2532958984375,0.36467859148979187,0.3699171841144562
SUR,Suriname,2021,55165.55078125,9986.38671875,0.23753772675991058,0.3332827091217041
SVK,Slovakia,2021,848270.75,174792.0625,0.43457067012786865,0.6899181604385376
SVN,Slovenia,2021,564807.5,85286.7890625,0.3912752866744995,0.721439778804779
SWE,Sweden,2021,2981869.75,625638.3125,0.8118407130241394,1.0184589624404907
SWZ,Eswatini,2021,29168.5,10647.0283203125,0.28606677055358887,0.43080228567123413
SXM,Sint Maarten (Dutch part),2021,,1600.9493408203125,,0.8648849129676819
SYC,Seychelles,2021,10892.33984375,2262.0849609375,0.36637043952941895,0.6574413776397705
SYR,Syrian Arab Republic,2021,64557.9375,181572.5,0.23556993901729584,0.1817801147699356
TCA,Turks and Caicos Islands,2021,4284.52783203125,573.1671752929688,0.816057026386261,1.8245680332183838
TCD,Chad,2021,89417.109375,39079.578125,0.3103630840778351,0.40842577815055847
TGO,Togo,2021,74345.7265625,23181.181640625,0.2535148561000824,0.3640412390232086
THA,Thailand,2021,5865754.0,1446543.5,0.2154572457075119,0.34997668862342834
TJK,Tajikistan,2021,748501.875,44697.4296875,0.1421598196029663,0.19996240735054016
TKM,Turkmenistan,2021,867377.3125,160097.171875,0.2615303695201874,0.31235674023628235
TTO,Trinidad and Tobago,2021,251298.359375,42360.0,0.3844876289367676,0.5707579255104065
TUN,Tunisia,2021,509241.8125,152161.15625,0.2550191283226013,0.30682799220085144
TUR,Türkiye,2021,8893598.0,2618024.0,0.2516321837902069,0.3131618797779083
TWN,Taiwan,2021,5970017.5,1386752.875,0.37804749608039856,0.5575143098831177
TZA,U.R. of Tanzania: Mainland,2021,705175.875,200859.625,0.32531940937042236,0.338369756937027
UGA,Uganda,2021,358727.15625,126267.4453125,0.26651090383529663,0.339104562997818
UKR,Ukraine,2021,10268907.0,708698.3125,0.15715749561786652,0.28187716007232666
URY,Uruguay,2021,374393.5625,88723.6953125,0.4955238401889801,0.6848100423812866
USA,United States,2021,78158760.0,23681202.0,1.0,1.0
UZB,Uzbekistan,2021,1745123.875,303696.0,0.08705145865678787,0.22917857766151428
VCT,St. Vincent and the Grenadines,2021,12292.3193359375,1487.845458984375,0.37079721689224243,0.5972918272018433
VEN,Venezuela (Bolivarian Republic of),2021,126822.9375,4722.2060546875,32.00307846069336,23.678773880004883
VGB,British Virgin Islands,2021,5130.74560546875,1516.1123046875,0.9398325085639954,0.9630661010742188
VNM,Viet Nam,2021,4145646.75,1218280.875,0.21118810772895813,0.3008130192756653
YEM,Yemen,2021,572856.0,35301.98046875,0.09107577055692673,0.2558518350124359
ZAF,South Africa,2021,2963688.75,780391.125,0.3207409679889679,0.5383426547050476
ZMB,Zambia,2021,260885.78125,60616.9765625,0.32501286268234253,0.3646424114704132
ZWE,Zimbabwe,2021,110979.7734375,44440.19921875,0.3477388322353363,0.5427102446556091
ABW,Aruba,2023,22741.716796875,4823.1552734375,0.9725573062896729,0.7564700841903687
AGO,Angola,2023,703745.125,225950.1875,0.2145542949438095,0.4007616341114044
AIA,Anguilla,2023,4200.48291015625,327.04730224609375,0.5677392482757568,1.271178126335144
ALB,Albania,2023,262863.0,44771.5,0.32539132237434387,0.513221025466919
ARE,United Arab Emirates,2023,5953913.5,816201.875,0.23388132452964783,0.6299059987068176
ARG,Argentina,2023,4962359.5,1239621.0,0.4095405042171478,0.5211877822875977
ARM,Armenia,2023,257531.15625,61350.125,0.264207661151886,0.3947601914405823
ATG,Antigua and Barbuda,2023,20604.27734375,2526.366943359375,0.49016448855400085,0.8047466278076172
AUS,Australia,2023,8094737.0,1693461.75,0.9448615312576294,1.0485196113586426
AUT,Austria,2023,3247967.0,573178.375,0.7023159861564636,0.892715573310852
AZE,Azerbaijan,2023,521924.0,209686.515625,0.2215428203344345,0.3450683653354645
BDI,Burundi,2023,29873.900390625,13526.91015625,0.23916062712669373,0.29277271032333374
BEL,Belgium,2023,3989255.5,678327.1875,0.6028622984886169,0.9505481719970703
BEN,Benin,2023,154330.5,48862.8515625,0.34821146726608276,0.4026225507259369
BFA,Burkina Faso,2023,109766.9921875,54280.44140625,0.2946576178073883,0.37443724274635315
BGD,Bangladesh,2023,5614778.5,1357743.125,0.19493521749973297,0.31112730503082275
BGR,Bulgaria,2023,541700.625,191063.140625,0.40231260657310486,0.5359320640563965
BHR,Bahrain,2023,514556.21875,84147.0703125,0.29119670391082764,0.5307666063308716
BHS,Bahamas,2023,81121.5703125,13630.6630859375,0.6271283030509949,1.0519278049468994
BIH,Bosnia and Herzegovina,2023,186714.4375,60312.61328125,0.323016881942749,0.45620283484458923
BLR,Belarus,2023,1408204.875,260363.453125,0.19532446563243866,0.27598875761032104
BLZ,Belize,2023,14358.03515625,4817.3271484375,0.39837321639060974,0.6390689015388489
BMU,Bermuda,2023,12678.798828125,4022.883056640625,1.0503203868865967,2.0238471031188965
BOL,Bolivia (Plurinational State of),2023,353714.5625,117654.7421875,0.22926169633865356,0.3836258351802826
BRA,Brazil,2023,17139588.0,3936232.5,0.31481507420539856,0.5566571950912476
BRB,Barbados,2023,27237.16796875,3039.87060546875,0.6531476974487305,2.210861921310425
BRN,Brunei Darussalam,2023,290530.40625,38144.88671875,0.25355520844459534,0.3966009318828583
BTN,Bhutan,2023,78868.1640625,11285.705078125,0.21410557627677917,0.26752349734306335
BWA,Botswana,2023,197572.484375,45350.21484375,0.3038509786128998,0.42768850922584534
CAF,Central African Republic,2023,46466.8046875,5640.9072265625,0.27334773540496826,0.4530286192893982
CAN,Canada,2023,10595644.0,2157264.75,0.8764139413833618,0.9931423664093018
CHE,Switzerland,2023,3726945.75,799664.875,0.8563635349273682,1.1184996366500854
CHL,Chile,2023,2013679.0,513149.59375,0.5259815454483032,0.6538704633712769
CHN,China,2023,171874224.0,30892220.0,0.37028083205223083,0.5760279297828674
CIV,Côte d'Ivoire,2023,472480.5625,186820.359375,0.2937777042388916,0.4217357933521271
CMR,Cameroon,2023,322289.59375,136812.9375,0.3074396550655365,0.3601955771446228
COD,D.R. of the Congo,2023,349686.78125,113505.0078125,0.24510464072227478,0.6108829975128174
COG,Congo,2023,300522.90625,38316.03125,0.293240487575531,0.3697320818901062
COL,Colombia,2023,3050380.0,911782.625,0.34768393635749817,0.3987135589122772
COM,Comoros,2023,16872.62890625,3240.19482421875,0.23463349044322968,0.44685420393943787
CPV,Cabo Verde,2023,23191.2109375,4944.2666015625,0.6549654006958008,0.5241169929504395
CRI,Costa Rica,2023,430450.40625,127788.390625,0.38629594445228577,0.6768842339515686
CUW,Curaçao,2023,,4120.1240234375,,0.7964370846748352
CYM,Cayman Islands,2023,22720.73046875,4929.7373046875,0.7373948097229004,1.4457663297653198
CYP,Cyprus,2023,242610.0,32731.494140625,0.4442104697227478,1.0353013277053833
CZE,Czechia,2023,2866103.0,484214.03125,0.48236992955207825,0.7087937593460083
DEU,Germany,2023,20999284.0,5082011.5,0.9814417958259583,0.8905340433120728
DJI,Djibouti,2023,26842.5625,9383.6328125,0.36922597885131836,0.4262237846851349
DMA,Dominica,2023,6042.76220703125,1060.184814453125,0.3772677779197693,0.6139217019081116
DNK,Denmark,2023,1998499.625,390999.625,0.7396535873413086,1.0411568880081177
DOM,Dominican Republic,2023,1348759.5,260848.078125,0.3351876437664032,0.46557480096817017
DZA,Algeria,2023,2916442.0,669309.5,0.31599918007850647,0.3699725568294525
ECU,Ecuador,2023,1481233.125,253684.484375,0.26929330825805664,0.46847495436668396
EGY,Egypt,2023,3185428.5,1952033.75,0.1708579957485199,0.16986879706382751
ESP,Spain,2023,13514154.0,2184870.75,0.4744952917098999,0.7415042519569397
EST,Estonia,2023,304093.25,51244.5078125,0.46780306100845337,0.8057692050933838
ETH,Ethiopia,2023,878424.125,405363.34375,0.4301827549934387,0.3940821886062622
FIN,Finland,2023,1850916.75,288955.90625,0.7473989129066467,1.0227594375610352
FJI,Fiji,2023,32471.896484375,12808.0576171875,0.27488526701927185,0.42489245533943176
FRA,France,2023,21333246.0,3524885.75,0.642026960849762,0.8657959699630737
GAB,Gabon,2023,108239.640625,48670.5703125,0.287319540977478,0.41207101941108704
GBR,United Kingdom,2023,17216510.0,3472344.75,0.5837478041648865,0.9736517667770386
GEO,Georgia,2023,426327.34375,89092.078125,0.216448575258255,0.3427411615848541
GHA,Ghana,2023,596860.375,214299.921875,0.21684738993644714,0.35637155175209045
GIN,Guinea,2023,78917.3984375,51092.2734375,0.4608340859413147,0.45028620958328247
GMB,Gambia,2023,17995.138671875,7632.75830078125,0.2970130443572998,0.31458577513694763
GNB,Guinea-Bissau,2023,7472.45263671875,5230.0009765625,0.3135188817977905,0.35208824276924133
GNQ,Equatorial Guinea,2023,111980.765625,35663.6875,0.417007178068161,0.33975520730018616
GRC,Greece,2023,2603367.25,349482.25,0.3920329809188843,0.6967402100563049
GRD,Grenada,2023,9660.5029296875,1780.0379638671875,0.537973940372467,0.7397220730781555
GTM,Guatemala,2023,873987.8125,220558.15625,0.2571922838687897,0.47357380390167236
GUY,Guyana,2023,,35091.8984375,,0.4754062294960022
HKG,"China, Hong Kong SAR",2023,2526376.25,448473.6875,0.5782771706581116,0.8491296172142029
HND,Honduras,2023,303074.5,68287.9921875,0.2990387976169586,0.5037564039230347
HRV,Croatia,2023,758075.625,141711.28125,0.3270108997821808,0.5955162644386292
HTI,Haiti,2023,460279.25,34496.82421875,0.4414108395576477,0.5751606822013855
HUN,Hungary,2023,2046395.125,339931.8125,0.43963173031806946,0.6255863308906555
IDN,Indonesia,2023,25676676.0,3911209.5,0.18694055080413818,0.3505747616291046
IND,India,2023,51797352.0,12834592.0,0.18774330615997314,0.27860474586486816
IRL,Ireland,2023,2411348.75,690018.5625,0.5633606910705566,0.7991015911102295
IRN,Iran (Islamic Republic of),2023,8858677.0,1335731.0,0.2513447105884552,0.3006565570831299
IRQ,Iraq,2023,1710355.25,613829.8125,0.25644829869270325,0.37812966108322144
ISL,Iceland,2023,147983.703125,24300.697265625,0.8098705410957336,1.2890625
ISR,Israel,2023,1462970.25,406729.71875,0.9751412272453308,1.262782335281372
ITA,Italy,2023,20274386.0,3000232.25,0.4543670415878296,0.7669210433959961
JAM,Jamaica,2023,166536.203125,26697.310546875,0.7226069569587708,0.7275398373603821
JOR,Jordan,2023,746491.875,105979.7109375,0.22267481684684753,0.4794657826423645
JPN,Japan,2023,30113922.0,5492434.0,0.7682386040687561,0.7655067443847656
KAZ,Kazakhstan,2023,2257631.75,693263.0,0.2729319632053375,0.3812301456928253
KEN,Kenya,2023,725178.9375,314639.59375,0.2584591209888458,0.34337255358695984
KGZ,Kyrgyzstan,2023,237045.546875,69961.6875,0.24817460775375366,0.19993269443511963
KHM,Cambodia,2023,520901.40625,100880.484375,0.24980857968330383,0.424503356218338
KNA,Saint Kitts and Nevis,2023,12704.5,1192.7999267578125,0.5264812111854553,0.8869017958641052
KOR,Republic of Korea,2023,14919624.0,2907778.0,0.4794452488422394,0.6324617266654968
KWT,Kuwait,2023,907858.5,263227.5625,0.3666291832923889,0.6219131946563721
LAO,Lao People's DR,2023,266699.9375,64398.23046875,0.15966904163360596,0.2330506443977356
LBN,Lebanon,2023,489297.71875,73985.546875,0.3921676576137543,0.37120091915130615
LBR,Liberia,2023,22432.982421875,9155.5576171875,0.3985069990158081,0.5504019856452942
LCA,Saint Lucia,2023,20115.638671875,4130.431640625,0.44334009289741516,0.5883566737174988
LKA,Sri Lanka,2023,1103390.25,292060.40625,0.19521237909793854,0.2888570725917816
LSO,Lesotho,2023,26754.080078125,5330.93017578125,0.30576884746551514,0.3972970247268677
LTU,Lithuania,2023,531646.4375,118562.78125,0.4281701147556305,0.6729757785797119
LUX,Luxembourg,2023,321780.75,62703.34765625,0.7091087698936462,1.3676304817199707
LVA,Latvia,2023,515984.09375,64740.51171875,0.49504682421684265,0.6525720953941345
MAC,"China, Macao SAR",2023,240792.21875,45346.3046875,0.5671104788780212,1.0100728273391724
MAR,Morocco,2023,1405715.25,340716.90625,0.3295712471008301,0.4239223599433899
MDA,Republic of Moldova,2023,150590.984375,34896.77734375,1.7702741622924805,0.47402408719062805
MDG,Madagascar,2023,153387.859375,49936.03515625,0.2510395646095276,0.3178054988384247
MDV,Maldives,2023,86358.3828125,9736.5390625,0.38461849093437195,0.6769237518310547
MEX,Mexico,2023,10838618.0,2595842.5,0.6581324338912964,0.6910277009010315
MKD,North Macedonia,2023,183974.75,40621.640625,0.3020366430282593,0.38805973529815674
MLI,Mali,2023,98459.1640625,61050.59375,0.31916895508766174,0.3384372591972351
MLT,Malta,2023,88354.2890625,24950.080078125,0.4613318145275116,0.8902431130409241
MMR,Myanmar,2023,1443007.625,394980.90625,0.11726914346218109,0.15718121826648712
MNE,Montenegro,2023,58845.76171875,16633.796875,0.33746346831321716,0.4526650905609131
MNG,Mongolia,2023,231470.578125,51567.53515625,0.2516155540943146,0.38536202907562256
MOZ,Mozambique,2023,261282.875,51381.78515625,0.29153481125831604,0.40781423449516296
MRT,Mauritania,2023,112055.7109375,28905.203125,0.36001285910606384,0.3685052990913391
MSR,Montserrat,2023,963.0758666992188,117.80412292480469,0.6792328953742981,0.6827405095100403
MUS,Mauritius,2023,127058.0546875,35207.9765625,0.3252689242362976,0.4089166522026062
MWI,Malawi,2023,32814.76171875,36797.65625,0.3044978082180023,0.34313806891441345
MYS,Malaysia,2023,4309845.5,1066918.0,0.20961984992027283,0.3745823800563812
NAM,Namibia,2023,120450.71875,28718.919921875,0.24563805758953094,0.4300658106803894
NER,Niger,2023,170537.9375,50028.2578125,0.3419806957244873,0.3361934423446655
NGA,Nigeria,2023,10492865.0,1066455.0,0.27621763944625854,0.35161715745925903
NIC,Nicaragua,2023,249535.1875,49825.453125,0.22403782606124878,0.3578333556652069
NLD,Netherlands,2023,5719511.5,1259832.25,0.6632516980171204,0.9162817597389221
NOR,Norway,2023,2288498.75,540826.125,0.7419075965881348,0.8973509073257446
NPL,Nepal,2023,548879.3125,150352.625,0.2012597769498825,0.26925864815711975
NZL,New Zealand,2023,751810.1875,242408.765625,1.2299803495407104,1.0402904748916626
OMN,Oman,2023,1483532.5,218314.140625,0.24428363144397736,0.4850611984729767
PAK,Pakistan,2023,2131282.0,1394033.0,0.19841501116752625,0.2151055485010147
PAN,Panama,2023,860479.625,164027.484375,0.3354235887527466,0.5083441138267517
PER,Peru,2023,2341043.25,483526.5,0.3182922303676605,0.5534407496452332
PHL,Philippines,2023,4599231.5,1159995.125,0.2298002541065216,0.376851886510849
POL,Poland,2023,3916231.0,1516414.125,0.3960072994232178,0.5336278080940247
PRT,Portugal,2023,2817273.75,380725.6875,0.4536302387714386,0.7593769431114197
PRY,Paraguay,2023,480687.65625,102244.0703125,0.27298659086227417,0.4201241135597229
PSE,State of Palestine,2023,173518.390625,37017.08984375,0.374174565076828,0.469952791929245
QAT,Qatar,2023,1967448.0,345669.15625,0.27240118384361267,0.6162042617797852
ROU,Romania,2023,2358624.25,660009.375,0.3523860275745392,0.5314720273017883
RUS,Russian Federation,2023,39980452.0,5690624.5,0.22563815116882324,0.35293474793434143
RWA,Rwanda,2023,88583.375,43690.59765625,0.344114750623703,0.32267671823501587
SAU,Saudi Arabia,2023,8620562.0,1952031.875,0.3062163293361664,0.5469086170196533
SDN,Sudan,2023,412961.125,127310.3359375,0.23082862794399261,0.26723065972328186
SEN,Senegal,2023,294088.34375,73969.6953125,0.27594199776649475,0.4110890030860901
SGP,Singapore,2023,2613811.25,598800.6875,0.4702127277851105,0.8373865485191345
SLE,Sierra Leone,2023,35497.421875,24044.904296875,0.2908288240432739,0.2666623294353485
SLV,El Salvador,2023,360078.5,70638.046875,0.24921062588691711,0.48154813051223755
SOM,Somalia,2023,,25467.16015625,,0.4307115972042084
SRB,Serbia,2023,711482.4375,147939.796875,0.33047547936439514,0.5082278847694397
SSD,South Sudan,2023,,8304.6689453125,,0.5574155449867249
STP,Sao Tome and Principe,2023,4013.74853515625,1453.97265625,0.4667624831199646,0.4704824984073639
SUR,Suriname,2023,57708.32421875,10429.05859375,0.2773852050304413,0.3603905141353607
SVK,Slovakia,2023,883185.875,176671.9375,0.4743553698062897,0.7522889375686646
SVN,Slovenia,2023,583290.0625,89284.4296875,0.4245823323726654,0.774474024772644
SWE,Sweden,2023,3094806.75,627941.1875,0.7501586675643921,0.9315530061721802
SWZ,Eswatini,2023,30055.45703125,10955.1005859375,0.32563328742980957,0.41747960448265076
SXM,Sint Maarten (Dutch part),2023,,1804.931396484375,,0.9293009638786316
SYC,Seychelles,2023,11078.0166015625,2808.80859375,0.4540744721889496,0.762324333190918
SYR,Syrian Arab Republic,2023,72562.484375,167855.1875,0.1623445749282837,0.1729333996772766
TCA,Turks and Caicos Islands,2023,4467.9140625,605.9561157226562,1.0185973644256592,2.313788890838623
TCD,Chad,2023,94974.234375,41639.828125,0.34472981095314026,0.42370906472206116
TGO,Togo,2023,81846.890625,25721.76953125,0.25287574529647827,0.36068785190582275
THA,Thailand,2023,6157631.5,1647645.875,0.20551244914531708,0.31253379583358765
TJK,Tajikistan,2023,764474.9375,50162.3203125,0.18368488550186157,0.24043147265911102
TKM,Turkmenistan,2023,983045.6875,179414.59375,0.27578893303871155,0.3337930142879486
TTO,Trinidad and Tobago,2023,245120.578125,42053.89453125,0.36128106713294983,0.6061121225357056
TUN,Tunisia,2023,523601.9375,147581.765625,0.3040162920951843,0.32890960574150085
TUR,Türkiye,2023,9812269.0,3116399.5,0.349758118391037,0.35882851481437683
TWN,Taiwan,2023,6347527.5,1449511.875,0.3719120919704437,0.5212892889976501
TZA,U.R. of Tanzania: Mainland,2023,849884.0625,230056.40625,0.30366143584251404,0.3405797481536865
UGA,Uganda,2023,412704.84375,145813.640625,0.29123660922050476,0.34991616010665894
UKR,Ukraine,2023,10073253.0,618433.1875,0.17689330875873566,0.2890482544898987
URY,Uruguay,2023,395100.34375,90223.2265625,0.5901337265968323,0.8560518026351929
USA,United States,2023,80823096.0,24979372.0,1.171384334564209,1.1097437143325806
UZB,Uzbekistan,2023,2139875.25,347646.375,0.09428606927394867,0.2614414095878601
VCT,St. Vincent and the Grenadines,2023,13583.4814453125,1623.446533203125,0.41368556022644043,0.6720241904258728
VEN,Venezuela (Bolivarian Republic of),2023,120241.203125,4408.41650390625,23.605127334594727,31.62017822265625
VGB,British Virgin Islands,2023,5460.25,1613.8331298828125,0.9182092547416687,0.9330928921699524
VNM,Viet Nam,2023,4864514.5,1310058.25,0.2176571935415268,0.32801365852355957
YEM,Yemen,2023,573551.0,33412.0078125,0.09005741029977798,0.2621195614337921
ZAF,South Africa,2023,3039962.25,795678.1875,0.3011452555656433,0.4747919738292694
ZMB,Zambia,2023,279892.5625,71156.5625,0.35627031326293945,0.38756731152534485
ZWE,Zimbabwe,2023,119130.796875,50381.6796875,0.3088105618953705,0.6027628779411316
